1		0.0744907
2		0.0785494
3		0.0827315
4		0.0877932
5		0.092554
6		0.0929089
7		0.0983333
8		0.102133
9		0.100224
10		0.10125
11		0.101397
12		0.103715
13		0.104877
14		0.106813
15		0.108009
16		0.107963
17		0.108819
18		0.109853
19		0.11287
20		0.11385
21		0.114637
22		0.117022
23		0.118218
24		0.121196
25		0.122739
26		0.126273
27		0.128094
28		0.128171
29		0.131775
30		0.131752
31		0.132863
32		0.134923
33		0.134714
34		0.135741
35		0.136381
36		0.136296
37		0.137677
38		0.139799
39		0.13919
40		0.14
41		0.139545
42		0.140463
43		0.139684
44		0.141019
45		0.139537
46		0.140903
47		0.13963
48		0.136736
49		0.14135
50		0.142315
51		0.143789
52		0.147407
53		0.149745
54		0.151512
55		0.154614
56		0.157407
57		0.158904
58		0.161944
59		0.163472
60		0.164552
61		0.16662
62		0.163356
63		0.16341
64		0.161489
65		0.16189
66		0.162238
67		0.161898
68		0.161836
69		0.162161
70		0.161389
71		0.163056
72		0.164583
73		0.164352
74		0.167863
75		0.168341
76		0.168835
77		0.168364
78		0.17034
79		0.17216
80		0.174568
81		0.17608
82		0.178025
83		0.183812
84		0.185972
85		0.189491
86		0.194873
87		0.196204
88		0.202593
89		0.210031
90		0.211296
91		0.216817
92		0.218025
93		0.220216
94		0.219383
95		0.215278
96		0.216914
97		0.221049
98		0.221512
99		0.219861
100		0.219722
101		0.215972
102		0.215525
103		0.21287
104		0.212469
105		0.211898
106		0.20966
107		0.212145
108		0.213113
109		0.21483
110		0.221883
111		0.222068
112		0.224892
113		0.228488
114		0.229907
115		0.234444
116		0.238981
117		0.239537
118		0.24159
119		0.242346
120		0.242886
121		0.245401
122		0.242311
123		0.243056
124		0.247623
125		0.24772
126		0.248646
127		0.246933
128		0.249352
129		0.249645
130		0.252407
131		0.25429
132		0.255278
133		0.254552
134		0.25429
135		0.256956
136		0.257604
137		0.259815
138		0.260093
139		0.260633
140		0.262161
141		0.262377
142		0.259892
143		0.260463
144		0.262423
145		0.252901
146		0.25412
147		0.256096
148		0.255694
149		0.252554
150		0.25409
151		0.25375
152		0.252824
153		0.254938
154		0.254059
155		0.254923
156		0.254074
157		0.251049
158		0.248256
159		0.247191
160		0.246115
161		0.244537
162		0.24534
163		0.247083
164		0.246111
165		0.244028
166		0.243472
167		0.243333
168		0.241852
169		0.240772
170		0.242994
171		0.242454
172		0.239506
173		0.238962
174		0.238175
175		0.237207
176		0.23784
177		0.237384
178		0.237693
179		0.236597
180		0.235899
181		0.236686
182		0.235482
183		0.236686
184		0.23436
185		0.234282
186		0.233657
187		0.233457
188		0.233866
189		0.234506
190		0.235077
191		0.234807
192		0.234213
193		0.233704
194		0.234475
195		0.242778
196		0.242562
197		0.242037
198		0.243827
199		0.242855
200		0.242407
201		0.241265
202		0.240748
203		0.240625
204		0.240826
205		0.240702
206		0.241011
207		0.240409
208		0.239823
209		0.23963
210		0.239907
211		0.239769
212		0.24034
213		0.23821
214		0.238056
215		0.238179
216		0.238302
217		0.239089
218		0.239576
219		0.240077
220		0.229838
221		0.229954
222		0.22983
223		0.230741
224		0.231088
225		0.231582
226		0.23159
227		0.233484
228		0.232701
229		0.231713
230		0.232762
231		0.232685
232		0.233117
233		0.234367
234		0.234228
235		0.233696
236		0.235015
237		0.23446
238		0.233206
239		0.232064
240		0.233009
241		0.229383
242		0.230278
243		0.230694
244		0.233102
245		0.233333
246		0.233858
247		0.233441
248		0.232423
249		0.23392
250		0.233117
251		0.232423
252		0.233935
253		0.23338
254		0.23196
255		0.232515
256		0.232824
257		0.235231
258		0.232809
259		0.231713
260		0.231991
261		0.230972
262		0.230988
263		0.231049
264		0.230648
265		0.23108
266		0.231559
267		0.231003
268		0.231018
269		0.231404
270		0.227731
271		0.228642
272		0.22733
273		0.227562
274		0.228858
275		0.23179
276		0.233673
277		0.236111
278		0.238735
279		0.238056
280		0.243063
281		0.245224
282		0.246636
283		0.248765
284		0.250818
285		0.252045
286		0.252948
287		0.250617
288		0.251281
289		0.248094
290		0.246682
291		0.245586
292		0.246651
293		0.24429
294		0.244784
295		0.238333
296		0.237052
297		0.235525
298		0.237346
299		0.23713
300		0.237022
301		0.236034
302		0.234259
303		0.235031
304		0.233488
305		0.231235
306		0.232886
307		0.23196
308		0.232052
309		0.231296
310		0.232654
311		0.232485
312		0.233349
313		0.232361
314		0.233102
315		0.233765
316		0.232932
317		0.231481
318		0.229414
319		0.227901
320		0.234815
321		0.233434
322		0.233434
323		0.234691
324		0.232589
325		0.233777
326		0.233025
327		0.23287
328		0.233657
329		0.234321
330		0.234259
331		0.232423
332		0.23375
333		0.233179
334		0.234259
335		0.233981
336		0.233461
337		0.234938
338		0.235015
339		0.234711
340		0.235845
341		0.23836
342		0.239506
343		0.24037
344		0.242654
345		0.23304
346		0.235424
347		0.240039
348		0.239275
349		0.239059
350		0.238519
351		0.238534
352		0.237392
353		0.238256
354		0.238657
355		0.237855
356		0.24
357		0.240525
358		0.240401
359		0.240494
360		0.240818
361		0.240941
362		0.241142
363		0.243025
364		0.241991
365		0.242593
366		0.241559
367		0.242022
368		0.241343
369		0.241574
370		0.240802
371		0.241111
372		0.241713
373		0.243056
374		0.243029
375		0.242859
376		0.242731
377		0.243075
378		0.243009
379		0.242901
380		0.243627
381		0.242917
382		0.246481
383		0.246713
384		0.248102
385		0.249815
386		0.252037
387		0.252828
388		0.253893
389		0.255467
390		0.255525
391		0.255231
392		0.255756
393		0.256698
394		0.258117
395		0.253796
396		0.252762
397		0.256829
398		0.25706
399		0.256628
400		0.257199
401		0.256181
402		0.258387
403		0.261535
404		0.266289
405		0.268974
406		0.274437
407		0.279444
408		0.282315
409		0.289252
410		0.296204
411		0.300802
412		0.306983
413		0.311574
414		0.316096
415		0.319907
416		0.325864
417		0.328333
418		0.33409
419		0.337253
420		0.338642
421		0.346497
422		0.350988
423		0.352361
424		0.360926
425		0.368133
426		0.369398
427		0.374985
428		0.379537
429		0.383333
430		0.387793
431		0.392654
432		0.396235
433		0.401713
434		0.40662
435		0.407099
436		0.407932
437		0.412222
438		0.41358
439		0.417778
440		0.417978
441		0.416806
442		0.419815
443		0.422207
444		0.421995
445		0.416034
446		0.416204
447		0.421929
448		0.422392
449		0.425463
450		0.426775
451		0.428364
452		0.432824
453		0.433164
454		0.435957
455		0.437654
456		0.438179
457		0.440077
458		0.443735
459		0.443688
460		0.444506
461		0.44446
462		0.446204
463		0.445201
464		0.447292
465		0.446358
466		0.444907
467		0.445309
468		0.444043
469		0.447485
470		0.454398
471		0.453549
472		0.456728
473		0.45571
474		0.457052
475		0.459583
476		0.459167
477		0.457948
478		0.458688
479		0.457932
480		0.45963
481		0.461929
482		0.461806
483		0.462068
484		0.462731
485		0.46162
486		0.462022
487		0.461497
488		0.461088
489		0.461582
490		0.46206
491		0.461898
492		0.461744
493		0.461952
494		0.463588
495		0.463549
496		0.464653
497		0.466682
498		0.466636
499		0.471813
500		0.475478
501		0.475579
502		0.480077
503		0.485077
504		0.486821
505		0.491914
506		0.497253
507		0.500432
508		0.504969
509		0.509954
510		0.510648
511		0.513796
512		0.517701
513		0.519383
514		0.519583
515		0.520633
516		0.521636
517		0.520525
518		0.524865
519		0.525775
520		0.533627
521		0.533102
522		0.537793
523		0.537577
524		0.538457
525		0.539846
526		0.538287
527		0.540401
528		0.543009
529		0.544244
530		0.543981
531		0.543333
532		0.545417
533		0.54338
534		0.543349
535		0.542392
536		0.542562
537		0.540494
538		0.541435
539		0.543812
540		0.544028
541		0.542114
542		0.545139
543		0.54767
544		0.549105
545		0.520926
546		0.524105
547		0.525123
548		0.525602
549		0.527577
550		0.525721
551		0.524367
552		0.526312
553		0.528179
554		0.527778
555		0.525401
556		0.524614
557		0.526049
558		0.527238
559		0.521929
560		0.521466
561		0.525833
562		0.52571
563		0.522029
564		0.52233
565		0.521929
566		0.521235
567		0.523889
568		0.520062
569		0.523364
570		0.524907
571		0.527145
572		0.530216
573		0.532284
574		0.53409
575		0.537052
576		0.538549
577		0.538457
578		0.539877
579		0.544614
580		0.548472
581		0.549213
582		0.55037
583		0.551713
584		0.552052
585		0.552639
586		0.555849
587		0.558858
588		0.558333
589		0.559043
590		0.559255
591		0.560529
592		0.557855
593		0.559383
594		0.561127
595		0.548441
596		0.551559
597		0.55054
598		0.553812
599		0.555525
600		0.560849
601		0.559861
602		0.56125
603		0.562577
604		0.563688
605		0.566003
606		0.565216
607		0.568615
608		0.572377
609		0.571636
610		0.572531
611		0.579861
612		0.581867
613		0.583627
614		0.588534
615		0.591265
616		0.591127
617		0.594614
618		0.595432
619		0.599985
620		0.597191
621		0.598534
622		0.602114
623		0.605787
624		0.605756
625		0.608009
626		0.608843
627		0.609136
628		0.608858
629		0.609244
630		0.608426
631		0.611018
632		0.614877
633		0.616235
634		0.614846
635		0.614799
636		0.617407
637		0.615216
638		0.612569
639		0.612315
640		0.612469
641		0.61392
642		0.611373
643		0.614074
644		0.614568
645		0.626296
646		0.627515
647		0.629275
648		0.629722
649		0.631651
650		0.631636
651		0.631752
652		0.630779
653		0.631605
654		0.633179
655		0.635386
656		0.636373
657		0.637932
658		0.639383
659		0.638395
660		0.637901
661		0.638611
662		0.639938
663		0.640093
664		0.639896
665		0.642801
666		0.641335
667		0.642616
668		0.643241
669		0.643303
670		0.623117
671		0.626019
672		0.623241
673		0.627346
674		0.627851
675		0.629506
676		0.628426
677		0.630093
678		0.633144
679		0.629892
680		0.631281
681		0.634973
682		0.634444
683		0.638719
684		0.639209
685		0.638349
686		0.641142
687		0.640282
688		0.640637
689		0.64142
690		0.640509
691		0.640432
692		0.641127
693		0.641944
694		0.642716
695		0.626327
696		0.625756
697		0.628611
698		0.630417
699		0.631836
700		0.629753
701		0.630864
702		0.631173
703		0.63233
704		0.633719
705		0.633688
706		0.635525
707		0.635895
708		0.636497
709		0.637346
710		0.636196
711		0.637454
712		0.63892
713		0.639321
714		0.639043
715		0.640309
716		0.640417
717		0.641389
718		0.642284
719		0.641528
720		0.636019
721		0.63608
722		0.637365
723		0.640162
724		0.6399
725		0.641254
726		0.642361
727		0.643164
728		0.643055
729		0.64255
730		0.643384
731		0.642674
732		0.643704
733		0.643688
734		0.646119
735		0.645772
736		0.645911
737		0.64488
738		0.645428
739		0.645529
740		0.644911
741		0.645621
742		0.648356
743		0.647654
744		0.648414
745		0.625
746		0.628889
747		0.628476
748		0.632276
749		0.630355
750		0.633218
751		0.615247
752		0.617608
753		0.620162
754		0.621073
755		0.620286
756		0.620046
757		0.625108
758		0.623862
759		0.623692
760		0.625193
761		0.626412
762		0.626084
763		0.626103
764		0.627268
765		0.627485
766		0.627423
767		0.629136
768		0.627508
769		0.628495
770		0.640741
771		0.639745
772		0.639429
773		0.640378
774		0.635934
775		0.642145
776		0.640725
777		0.647361
778		0.648372
779		0.647963
780		0.646821
781		0.646134
782		0.651991
783		0.652971
784		0.652959
785		0.651308
786		0.650282
787		0.652481
788		0.651578
789		0.652816
790		0.654738
791		0.662724
792		0.665031
793		0.666856
794		0.669379
795		0.63061
796		0.628519
797		0.631373
798		0.637847
799		0.638383
800		0.643248
801		0.647647
802		0.648619
803		0.648434
804		0.645251
805		0.650853
806		0.650193
807		0.652847
808		0.656863
809		0.655961
810		0.656748
811		0.657002
812		0.657272
813		0.659267
814		0.660232
815		0.661134
816		0.658773
817		0.662253
818		0.662415
819		0.665355
820		0.654622
821		0.655687
822		0.654036
823		0.656208
824		0.660066
825		0.658063
826		0.659097
827		0.660818
828		0.662504
829		0.662076
830		0.662222
831		0.665764
832		0.66588
833		0.666343
834		0.66865
835		0.670131
836		0.669093
837		0.671219
838		0.671319
839		0.673951
840		0.673488
841		0.674761
842		0.674676
843		0.67686
844		0.676914
845		0.673657
846		0.672145
847		0.672423
848		0.676659
849		0.672284
850		0.677739
851		0.677091
852		0.679321
853		0.67598
854		0.677392
855		0.675594
856		0.679649
857		0.676018
858		0.680046
859		0.680525
860		0.679468
861		0.681134
862		0.68054
863		0.681516
864		0.681632
865		0.683407
866		0.682766
867		0.684016
868		0.683893
869		0.684363
870		0.664823
871		0.664961
872		0.665563
873		0.666589
874		0.669105
875		0.668187
876		0.667029
877		0.667485
878		0.668364
879		0.668758
880		0.65527
881		0.655154
882		0.654622
883		0.654313
884		0.654784
885		0.656073
886		0.656435
887		0.657106
888		0.659583
889		0.659931
890		0.661536
891		0.66054
892		0.662191
893		0.66206
894		0.662176
895		0.662137
896		0.664286
897		0.665872
898		0.665633
899		0.66544
900		0.665154
901		0.666103
902		0.669336
903		0.670779
904		0.671011
905		0.681605
906		0.681073
907		0.682508
908		0.683349
909		0.683758
910		0.682677
911		0.6826
912		0.683202
913		0.683272
914		0.682423
915		0.683356
916		0.6826
917		0.68098
918		0.680772
919		0.679298
920		0.679167
921		0.680756
922		0.682515
923		0.683596
924		0.682515
925		0.682778
926		0.683133
927		0.684498
928		0.686875
929		0.688326
930		0.662454
931		0.662353
932		0.662064
933		0.665382
934		0.664514
935		0.66713
936		0.668268
937		0.671304
938		0.674444
939		0.673476
940		0.677631
941		0.676786
942		0.67767
943		0.680579
944		0.681219
945		0.680282
946		0.679807
947		0.679298
948		0.678708
949		0.681019
950		0.679691
951		0.677257
952		0.679576
953		0.676397
954		0.676759
955		0.673079
956		0.672411
957		0.674483
958		0.672076
959		0.67784
960		0.674487
961		0.674522
962		0.678233
963		0.678866
964		0.676721
965		0.67892
966		0.678866
967		0.680069
968		0.679421
969		0.679506
970		0.679653
971		0.681493
972		0.681593
973		0.683654
974		0.683599
975		0.683704
976		0.686397
977		0.687569
978		0.685567
979		0.686698
980		0.679471
981		0.679464
982		0.681894
983		0.683688
984		0.684414
985		0.685802
986		0.685386
987		0.683341
988		0.681374
989		0.683113
990		0.68738
991		0.687311
992		0.686906
993		0.690046
994		0.691933
995		0.693218
996		0.694252
997		0.693546
998		0.694468
999		0.69434
1000		0.694946
1001		0.672257
1002		0.672562
1003		0.671589
1004		0.672037
1005		0.670336
1006		0.669745
1007		0.670733
1008		0.670363
1009		0.672674
1010		0.674545
1011		0.666481
1012		0.665316
1013		0.666177
1014		0.667847
1015		0.666983
1016		0.667909
1017		0.66919
1018		0.667126
1019		0.667666
1020		0.667465
1021		0.669792
1022		0.670081
1023		0.670486
1024		0.670617
1025		0.671454
1026		0.671219
1027		0.668642
1028		0.670687
1029		0.670633
1030		0.670849
1031		0.670633
1032		0.673248
1033		0.672299
1034		0.673133
1035		0.673565
1036		0.669445
1037		0.666528
1038		0.669934
1039		0.671462
1040		0.673407
1041		0.674294
1042		0.674653
1043		0.674271
1044		0.672743
1045		0.672384
1046		0.674005
1047		0.675378
1048		0.677647
1049		0.679251
1050		0.679637
1051		0.680679
1052		0.681119
1053		0.680316
1054		0.681798
1055		0.680563
1056		0.679927
1057		0.679742
1058		0.679279
1059		0.679834
1060		0.679097
1061		0.673009
1062		0.673611
1063		0.672581
1064		0.670895
1065		0.671323
1066		0.672867
1067		0.672658
1068		0.673792
1069		0.673877
1070		0.672905
1071		0.676532
1072		0.675833
1073		0.676717
1074		0.676605
1075		0.680556
1076		0.679707
1077		0.681281
1078		0.679985
1079		0.682392
1080		0.682712
1081		0.685232
1082		0.685185
1083		0.687261
1084		0.686289
1085		0.687369
1086		0.676323
1087		0.676273
1088		0.675552
1089		0.676505
1090		0.67512
1091		0.676493
1092		0.673642
1093		0.678468
1094		0.674471
1095		0.67652
1096		0.676597
1097		0.677523
1098		0.677369
1099		0.678326
1100		0.677137
1101		0.675008
1102		0.67762
1103		0.676674
1104		0.680027
1105		0.678164
1106		0.676844
1107		0.676921
1108		0.677893
1109		0.677346
1110		0.676536
1111		0.67363
1112		0.67206
1113		0.674109
1114		0.676424
1115		0.676786
1116		0.675637
1117		0.676412
1118		0.676285
1119		0.676428
1120		0.6774
1121		0.677828
1122		0.678368
1123		0.678275
1124		0.678384
1125		0.678171
1126		0.679228
1127		0.678966
1128		0.678067
1129		0.677697
1130		0.681292
1131		0.681215
1132		0.681385
1133		0.681076
1134		0.679518
1135		0.681555
1136		0.666327
1137		0.666115
1138		0.665683
1139		0.665965
1140		0.668835
1141		0.667334
1142		0.668275
1143		0.665174
1144		0.665583
1145		0.665201
1146		0.666732
1147		0.669171
1148		0.669958
1149		0.671979
1150		0.672018
1151		0.672465
1152		0.674749
1153		0.674209
1154		0.674518
1155		0.670293
1156		0.671821
1157		0.672315
1158		0.670201
1159		0.672519
1160		0.674788
1161		0.682346
1162		0.680301
1163		0.681103
1164		0.682623
1165		0.68125
1166		0.680972
1167		0.684784
1168		0.678052
1169		0.679309
1170		0.679954
1171		0.680586
1172		0.685239
1173		0.68064
1174		0.679606
1175		0.679653
1176		0.681026
1177		0.682153
1178		0.682847
1179		0.681659
1180		0.685745
1181		0.685899
1182		0.683889
1183		0.685004
1184		0.687191
1185		0.684691
1186		0.676589
1187		0.677909
1188		0.678935
1189		0.680849
1190		0.678588
1191		0.678488
1192		0.675232
1193		0.678086
1194		0.679298
1195		0.679915
1196		0.677253
1197		0.680093
1198		0.684305
1199		0.684221
1200		0.683248
1201		0.683642
1202		0.682392
1203		0.681651
1204		0.682863
1205		0.683735
1206		0.682238
1207		0.683889
1208		0.681798
1209		0.68223
1210		0.68206
1211		0.675509
1212		0.673546
1213		0.672512
1214		0.672292
1215		0.674981
1216		0.672226
1217		0.674869
1218		0.674892
1219		0.678225
1220		0.677932
1221		0.680069
1222		0.680872
1223		0.681775
1224		0.682149
1225		0.684174
1226		0.682967
1227		0.683029
1228		0.682068
1229		0.68331
1230		0.685756
1231		0.686269
1232		0.684352
1233		0.683561
1234		0.682786
1235		0.682465
1236		0.68799
1237		0.687523
1238		0.687207
1239		0.691821
1240		0.691535
1241		0.691057
1242		0.693692
1243		0.695208
1244		0.694923
1245		0.694614
1246		0.689549
1247		0.691042
1248		0.693684
1249		0.691281
1250		0.692747
1251		0.682894
1252		0.682824
1253		0.683488
1254		0.681555
1255		0.685301
1256		0.6851
1257		0.688414
1258		0.691065
1259		0.690895
1260		0.693453
1261		0.672504
1262		0.676539
1263		0.677701
1264		0.677392
1265		0.678904
1266		0.679981
1267		0.680397
1268		0.676011
1269		0.682963
1270		0.683345
1271		0.685297
1272		0.683754
1273		0.683083
1274		0.686705
1275		0.683125
1276		0.68338
1277		0.68468
1278		0.68358
1279		0.682373
1280		0.680181
1281		0.678387
1282		0.677091
1283		0.676744
1284		0.67811
1285		0.676944
1286		0.683086
1287		0.684483
1288		0.685231
1289		0.686806
1290		0.688781
1291		0.690185
1292		0.689954
1293		0.688804
1294		0.691952
1295		0.691906
1296		0.693009
1297		0.691941
1298		0.69071
1299		0.686192
1300		0.687623
1301		0.685698
1302		0.686983
1303		0.688781
1304		0.689441
1305		0.686752
1306		0.68512
1307		0.684541
1308		0.685664
1309		0.685571
1310		0.684907
1311		0.659985
1312		0.661235
1313		0.660718
1314		0.66189
1315		0.663943
1316		0.66098
1317		0.66483
1318		0.665556
1319		0.666979
1320		0.669915
1321		0.669657
1322		0.671655
1323		0.669626
1324		0.66909
1325		0.668484
1326		0.673603
1327		0.67039
1328		0.673225
1329		0.673086
1330		0.670976
1331		0.673696
1332		0.673071
1333		0.673704
1334		0.673094
1335		0.671265
1336		0.666019
1337		0.668148
1338		0.668526
1339		0.668777
1340		0.667029
1341		0.668804
1342		0.668179
1343		0.667014
1344		0.66865
1345		0.669753
1346		0.668488
1347		0.67017
1348		0.671111
1349		0.671204
1350		0.671327
1351		0.670432
1352		0.671674
1353		0.671165
1354		0.672427
1355		0.673777
1356		0.673943
1357		0.675401
1358		0.672782
1359		0.672346
1360		0.672145
1361		0.660694
1362		0.661188
1363		0.663858
1364		0.667392
1365		0.666929
1366		0.667593
1367		0.666775
1368		0.666358
1369		0.667515
1370		0.669668
1371		0.66799
1372		0.665976
1373		0.667504
1374		0.665656
1375		0.667778
1376		0.668102
1377		0.666713
1378		0.669599
1379		0.668017
1380		0.666508
1381		0.66919
1382		0.668812
1383		0.667782
1384		0.668951
1385		0.667936
1386		0.671285
1387		0.672384
1388		0.674938
1389		0.676111
1390		0.675212
1391		0.679267
1392		0.679174
1393		0.678611
1394		0.678526
1395		0.682268
1396		0.6811
1397		0.681782
1398		0.682461
1399		0.682539
1400		0.682245
1401		0.682014
1402		0.685185
1403		0.684533
1404		0.684032
1405		0.683032
1406		0.682103
1407		0.680023
1408		0.683546
1409		0.684144
1410		0.683507
1411		0.671458
1412		0.671744
1413		0.672978
1414		0.67615
1415		0.673912
1416		0.673765
1417		0.677631
1418		0.678542
1419		0.678164
1420		0.678576
1421		0.679645
1422		0.680405
1423		0.680343
1424		0.681466
1425		0.683711
1426		0.685178
1427		0.68701
1428		0.686084
1429		0.689074
1430		0.691474
1431		0.695355
1432		0.696555
1433		0.697928
1434		0.700741
1435		0.702909
1436		0.70412
1437		0.701867
1438		0.705633
1439		0.70571
1440		0.705262
1441		0.710617
1442		0.710386
1443		0.714707
1444		0.719205
1445		0.718962
1446		0.72414
1447		0.725853
1448		0.724768
1449		0.727539
1450		0.729143
1451		0.733191
1452		0.735822
1453		0.737944
1454		0.741123
1455		0.745733
1456		0.748492
1457		0.750633
1458		0.753792
1459		0.757172
1460		0.755675
1461		0.724271
1462		0.729016
1463		0.729132
1464		0.723897
1465		0.724313
1466		0.723835
1467		0.730444
1468		0.730648
1469		0.730579
1470		0.735039
1471		0.733723
1472		0.738549
1473		0.741285
1474		0.742558
1475		0.740432
1476		0.74375
1477		0.739873
1478		0.747454
1479		0.747477
1480		0.749468
1481		0.75363
1482		0.750174
1483		0.752901
1484		0.757002
1485		0.759676
1486		0.755999
1487		0.757238
1488		0.758302
1489		0.758846
1490		0.759664
1491		0.760189
1492		0.758796
1493		0.75924
1494		0.761072
1495		0.760336
1496		0.758152
1497		0.757573
1498		0.761219
1499		0.75456
1500		0.746659
1501		0.709495
1502		0.713048
1503		0.704468
1504		0.709248
1505		0.715478
1506		0.716304
1507		0.714668
1508		0.719124
1509		0.716817
1510		0.716933
1511		0.724745
1512		0.721879
1513		0.725992
1514		0.72539
1515		0.727284
1516		0.700556
1517		0.690907
1518		0.685131
1519		0.685575
1520		0.678931
1521		0.66941
1522		0.65314
1523		0.653723
1524		0.641998
1525		0.645687
1526		0.646049
1527		0.636188
1528		0.64017
1529		0.639105
1530		0.63642
1531		0.631651
1532		0.629136
1533		0.62814
1534		0.624182
1535		0.629475
1536		0.622438
1537		0.629043
1538		0.631667
1539		0.626489
1540		0.625884
1541		0.629915
1542		0.626065
1543		0.617215
1544		0.622975
1545		0.618546
1546		0.616875
1547		0.621821
1548		0.614051
1549		0.611829
1550		0.59723
1551		0.5949
1552		0.589448
1553		0.59314
1554		0.585579
1555		0.579113
1556		0.584946
1557		0.582566
1558		0.580378
1559		0.576509
1560		0.574468
1561		0.549807
1562		0.552693
1563		0.553106
1564		0.552353
1565		0.555139
1566		0.555424
1567		0.55615
1568		0.556744
1569		0.55826
1570		0.559128
1571		0.559009
1572		0.562982
1573		0.567909
1574		0.570586
1575		0.573052
1576		0.576184
1577		0.580413
1578		0.5811
1579		0.583499
1580		0.583638
1581		0.586609
1582		0.587886
1583		0.58804
1584		0.582762
1585		0.584356
1586		0.567064
1587		0.56159
1588		0.56333
1589		0.57397
1590		0.57083
1591		0.577153
1592		0.572743
1593		0.579043
1594		0.579838
1595		0.585829
1596		0.594032
1597		0.589564
1598		0.592342
1599		0.593981
1600		0.600224
1601		0.602816
1602		0.597076
1603		0.599896
1604		0.601408
1605		0.61066
1606		0.618677
1607		0.618391
1608		0.622307
1609		0.628553
1610		0.622025
1611		0.62544
1612		0.621485
1613		0.619329
1614		0.614375
1615		0.612797
1616		0.615309
1617		0.611424
1618		0.595648
1619		0.595451
1620		0.594579
1621		0.590995
1622		0.59414
1623		0.599209
1624		0.591292
1625		0.591381
1626		0.586385
1627		0.589626
1628		0.589796
1629		0.586883
1630		0.588711
1631		0.590718
1632		0.598549
1633		0.599884
1634		0.60544
1635		0.606771
1636		0.629471
1637		0.631744
1638		0.62287
1639		0.620332
1640		0.619572
1641		0.621042
1642		0.618353
1643		0.615189
1644		0.604526
1645		0.600243
1646		0.6049
1647		0.596748
1648		0.600529
1649		0.601262
1650		0.601775
1651		0.599726
1652		0.601836
1653		0.599402
1654		0.598877
1655		0.594522
1656		0.584313
1657		0.583403
1658		0.580691
1659		0.586802
1660		0.583669
1661		0.578839
1662		0.578557
1663		0.588268
1664		0.598302
1665		0.602612
1666		0.606196
1667		0.61039
1668		0.61387
1669		0.614001
1670		0.617496
1671		0.621794
1672		0.619124
1673		0.620586
1674		0.612161
1675		0.611304
1676		0.604074
1677		0.610598
1678		0.606169
1679		0.607666
1680		0.6086
1681		0.613437
1682		0.617504
1683		0.620347
1684		0.622384
1685		0.628094
1686		0.589869
1687		0.588715
1688		0.594506
1689		0.597878
1690		0.602654
1691		0.610802
1692		0.614738
1693		0.612917
1694		0.612323
1695		0.612639
1696		0.617863
1697		0.618152
1698		0.616481
1699		0.622195
1700		0.628372
1701		0.630255
1702		0.635216
1703		0.637685
1704		0.644059
1705		0.650386
1706		0.650629
1707		0.662739
1708		0.659055
1709		0.660775
1710		0.654113
1711		0.693607
1712		0.694884
1713		0.693596
1714		0.697708
1715		0.692766
1716		0.687836
1717		0.683762
1718		0.67642
1719		0.668256
1720		0.65213
1721		0.652068
1722		0.644583
1723		0.633098
1724		0.629097
1725		0.634117
1726		0.62789
1727		0.623719
1728		0.616451
1729		0.598623
1730		0.600625
1731		0.586003
1732		0.574414
1733		0.580301
1734		0.563306
1735		0.567616
1736		0.510258
1737		0.515718
1738		0.515633
1739		0.507265
1740		0.502843
1741		0.491076
1742		0.489105
1743		0.487257
1744		0.476728
1745		0.481883
1746		0.477226
1747		0.474406
1748		0.466806
1749		0.458893
1750		0.448789
1751		0.43284
1752		0.43985
1753		0.435386
1754		0.435922
1755		0.432851
1756		0.437377
1757		0.436397
1758		0.430768
1759		0.434151
1760		0.43544
1761		0.418372
1762		0.428816
1763		0.428804
1764		0.426875
1765		0.428789
1766		0.427527
1767		0.430035
1768		0.431316
1769		0.427917
1770		0.439398
1771		0.438723
1772		0.441848
1773		0.439877
1774		0.437195
1775		0.436327
1776		0.439155
1777		0.436103
1778		0.431535
1779		0.431782
1780		0.430177
1781		0.43262
1782		0.43343
1783		0.426146
1784		0.425698
1785		0.422666
1786		0.392133
1787		0.396416
1788		0.400995
1789		0.398727
1790		0.390914
1791		0.39159
1792		0.388904
1793		0.386721
1794		0.386065
1795		0.383634
1796		0.378164
1797		0.385772
1798		0.381154
1799		0.384776
1800		0.383572
1801		0.385806
1802		0.381262
1803		0.368661
1804		0.368434
1805		0.367708
1806		0.36473
1807		0.351752
1808		0.349383
1809		0.349387
1810		0.337276
1811		0.322496
1812		0.320721
1813		0.317855
1814		0.31554
1815		0.313075
1816		0.306512
1817		0.305058
1818		0.296528
1819		0.300301
1820		0.299483
1821		0.291103
1822		0.279028
1823		0.277716
1824		0.2749
1825		0.281574
1826		0.275988
1827		0.277998
1828		0.275575
1829		0.279653
1830		0.275787
1831		0.271497
1832		0.266705
1833		0.27059
1834		0.259101
1835		0.259414
1836		0.22554
1837		0.218457
1838		0.220887
1839		0.216242
1840		0.21196
1841		0.203634
1842		0.202951
1843		0.196181
1844		0.193206
1845		0.183125
1846		0.173738
1847		0.173314
1848		0.171771
1849		0.167006
1850		0.159846
1851		0.154599
1852		0.154622
1853		0.152153
1854		0.154884
1855		0.153858
1856		0.149769
1857		0.14615
1858		0.147924
1859		0.149603
1860		0.144036
1861		0.139738
1862		0.13794
1863		0.135559
1864		0.129633
1865		0.12701
1866		0.131975
1867		0.127384
1868		0.127809
1869		0.135903
1870		0.143387
1871		0.145941
1872		0.149205
1873		0.153665
1874		0.152307
1875		0.156073
1876		0.165679
1877		0.177346
1878		0.192022
1879		0.204861
1880		0.213241
1881		0.224221
1882		0.245363
1883		0.247816
1884		0.258295
1885		0.273256
1886		0.254282
1887		0.271281
1888		0.291574
1889		0.296782
1890		0.314468
1891		0.330818
1892		0.337099
1893		0.347296
1894		0.360741
1895		0.36875
1896		0.372828
1897		0.383569
1898		0.39451
1899		0.409379
1900		0.423245
1901		0.431948
1902		0.438553
1903		0.440965
1904		0.442986
1905		0.450536
1906		0.455486
1907		0.459252
1908		0.45647
1909		0.455154
1910		0.460586
1911		0.484333
1912		0.473414
1913		0.476713
1914		0.46858
1915		0.459637
1916		0.452508
1917		0.441242
1918		0.433295
1919		0.428133
1920		0.421566
1921		0.411026
1922		0.407137
1923		0.392091
1924		0.392878
1925		0.387577
1926		0.377234
1927		0.373434
1928		0.373827
1929		0.360826
1930		0.356582
1931		0.352716
1932		0.346998
1933		0.338951
1934		0.328727
1935		0.326265
1936		0.294147
1937		0.291937
1938		0.282214
1939		0.273364
1940		0.270775
1941		0.2687
1942		0.252762
1943		0.251929
1944		0.249838
1945		0.249213
1946		0.247022
1947		0.246061
1948		0.253337
1949		0.249433
1950		0.237573
1951		0.230918
1952		0.220795
1953		0.214047
1954		0.204159
1955		0.200262
1956		0.189977
1957		0.181181
1958		0.171589
1959		0.166655
1960		0.148094
1961		0.133927
1962		0.119873
1963		0.112029
1964		0.107689
1965		0.103395
1966		0.0976582
1967		0.0948302
1968		0.0879321
1969		0.0804012
1970		0.0807562
1971		0.0733526
1972		0.0674306
1973		0.0598302
1974		0.051794
1975		0.046794
1976		0.044294
1977		0.037446
1978		0.0328511
1979		0.0308295
1980		0.0284799
1981		0.0215586
1982		0.0189506
1983		0.0185648
1984		0.0175
1985		0.0181366
1986		0.0196451
1987		0.0201852
1988		0.0213426
1989		0.0188426
1990		0.0194444
1991		0.0201235
1992		0.020571
1993		0.0216204
1994		0.0209722
1995		0.0221065
1996		0.0213079
1997		0.0216512
1998		0.0220139
1999		0.0228858
2000		0.0267052
2001		0.0340548
2002		0.0473534
2003		0.056983
2004		0.0708025
2005		0.0880324
2006		0.0971451
2007		0.114035
2008		0.127415
2009		0.136501
2010		0.156555
2011		0.170039
2012		0.181134
2013		0.202338
2014		0.219236
2015		0.227091
2016		0.24902
2017		0.270131
2018		0.280332
2019		0.302245
2020		0.310046
2021		0.321528
2022		0.33331
2023		0.345181
2024		0.353746
2025		0.358291
2026		0.369444
2027		0.379313
2028		0.381057
2029		0.394498
2030		0.390309
2031		0.398002
2032		0.399668
2033		0.398465
2034		0.402577
2035		0.401535
2036		0.391458
2037		0.381755
2038		0.380691
2039		0.373981
2040		0.36086
2041		0.351574
2042		0.348916
2043		0.336296
2044		0.327832
2045		0.321412
2046		0.312515
2047		0.305008
2048		0.304846
2049		0.304066
2050		0.290841
2051		0.291532
2052		0.283279
2053		0.271644
2054		0.2687
2055		0.253657
2056		0.236127
2057		0.228862
2058		0.223356
2059		0.211377
2060		0.209954
2061		0.205058
2062		0.193484
2063		0.191111
2064		0.182523
2065		0.168071
2066		0.163264
2067		0.152708
2068		0.144564
2069		0.140104
2070		0.131119
2071		0.119228
2072		0.108951
2073		0.0993827
2074		0.0884761
2075		0.0848418
2076		0.07674
2077		0.0697454
2078		0.0645988
2079		0.0607677
2080		0.0562616
2081		0.0534915
2082		0.0476852
2083		0.0431481
2084		0.039973
2085		0.0344753
2086		0.0278472
2087		0.0292593
2088		0.029537
2089		0.0279861
2090		0.0275077
2091		0.0278164
2092		0.0264429
2093		0.0278935
2094		0.0266667
2095		0.0286111
2096		0.0282716
2097		0.0309877
2098		0.0347839
2099		0.0371759
2100		0.042716
2101		0.0492747
2102		0.0524769
2103		0.0598148
2104		0.0702701
2105		0.0745062
2106		0.0842824
2107		0.091412
2108		0.0969753
2109		0.104452
2110		0.113642
2111		0.11439
2112		0.123075
2113		0.131794
2114		0.138796
2115		0.150679
2116		0.15738
2117		0.164676
2118		0.171721
2119		0.185085
2120		0.190787
2121		0.199707
2122		0.210725
2123		0.214186
2124		0.221327
2125		0.224838
2126		0.233164
2127		0.235031
2128		0.247238
2129		0.24419
2130		0.253943
2131		0.255212
2132		0.250586
2133		0.248858
2134		0.248063
2135		0.242901
2136		0.258048
2137		0.252149
2138		0.257828
2139		0.255725
2140		0.269097
2141		0.261208
2142		0.262438
2143		0.262091
2144		0.265826
2145		0.26392
2146		0.261343
2147		0.260008
2148		0.254892
2149		0.252002
2150		0.255135
2151		0.250471
2152		0.239147
2153		0.23696
2154		0.236096
2155		0.240015
2156		0.241007
2157		0.246589
2158		0.233619
2159		0.233534
2160		0.229572
2161		0.215363
2162		0.216157
2163		0.221289
2164		0.230448
2165		0.22875
2166		0.22684
2167		0.218677
2168		0.216817
2169		0.215069
2170		0.212188
2171		0.208302
2172		0.212145
2173		0.204533
2174		0.200339
2175		0.203692
2176		0.197631
2177		0.193125
2178		0.183989
2179		0.182384
2180		0.181157
2181		0.171242
2182		0.16387
2183		0.160062
2184		0.151566
2185		0.143129
2186		0.132029
2187		0.12652
2188		0.120147
2189		0.118557
2190		0.111875
2191		0.104259
2192		0.101034
2193		0.0895911
2194		0.088071
2195		0.0826003
2196		0.0790509
2197		0.075162
2198		0.0703935
2199		0.0635802
2200		0.0597724
2201		0.0584954
2202		0.0533796
2203		0.0465586
2204		0.0459799
2205		0.0438657
2206		0.0373573
2207		0.0368403
2208		0.0333102
2209		0.0313927
2210		0.0297839
2211		0.0318441
2212		0.0297839
2213		0.0273534
2214		0.0230787
2215		0.0198611
2216		0.0211651
2217		0.015517
2218		0.0150772
2219		0.0130247
2220		0.0104707
2221		0.011358
2222		0.0144599
2223		0.0125231
2224		0.0139275
2225		0.0151312
2226		0.0139892
2227		0.0144985
2228		0.0140625
2229		0.0146065
2230		0.0139275
2231		0.0153549
2232		0.015571
2233		0.015625
2234		0.0150347
2235		0.0137076
2236		0.0135147
2237		0.0148881
2238		0.0143789
2239		0.0161304
2240		0.0173148
2241		0.0168364
2242		0.0169753
2243		0.0178935
2244		0.0186574
2245		0.0192901
2246		0.0192284
2247		0.021304
2248		0.0191435
2249		0.0179128
2250		0.0195679
2251		0.0200463
2252		0.0189699
2253		0.0170139
2254		0.016821
2255		0.0209182
2256		0.0227855
2257		0.0201157
2258		0.0226543
2259		0.0241049
2260		0.020517
2261		0.0260301
2262		0.0275116
2263		0.0266744
2264		0.0264699
2265		0.0295872
2266		0.0351312
2267		0.0386188
2268		0.0450694
2269		0.0612809
2270		0.0648688
2271		0.0696836
2272		0.0779051
2273		0.0812461
2274		0.0849691
2275		0.083912
2276		0.0874691
2277		0.0871451
2278		0.0893981
2279		0.090108
2280		0.0891011
2281		0.0899537
2282		0.0894406
2283		0.0906752
2284		0.0983179
2285		0.100602
2286		0.100448
2287		0.100598
2288		0.102855
2289		0.105386
2290		0.106914
2291		0.108472
2292		0.106111
2293		0.10642
2294		0.105694
2295		0.104259
2296		0.105154
2297		0.10696
2298		0.106944
2299		0.111605
2300		0.11571
2301		0.120556
2302		0.119506
2303		0.120154
2304		0.11662
2305		0.117778
2306		0.121512
2307		0.119614
2308		0.119583
2309		0.118318
2310		0.128164
2311		0.114942
2312		0.121304
2313		0.124236
2314		0.123688
2315		0.120251
2316		0.114525
2317		0.110525
2318		0.106235
2319		0.103434
2320		0.100903
2321		0.101119
2322		0.0987963
2323		0.0997685
2324		0.0965509
2325		0.0940509
2326		0.0931559
2327		0.0881404
2328		0.0842361
2329		0.0826466
2330		0.080108
2331		0.078152
2332		0.0703318
2333		0.0716512
2334		0.0684182
2335		0.0632986
2336		0.067936
2337		0.0644059
2338		0.0584336
2339		0.0570872
2340		0.0516358
2341		0.0497068
2342		0.0515586
2343		0.0495448
2344		0.0464738
2345		0.0450579
2346		0.0460494
2347		0.0443364
2348		0.0444367
2349		0.0420525
2350		0.0410957
2351		0.0424614
2352		0.0376119
2353		0.0367901
2354		0.0334915
2355		0.0312191
2356		0.0319676
2357		0.0301929
2358		0.0299769
2359		0.0226775
2360		0.021983
2361		0.0198534
2362		0.0200617
2363		0.0199306
2364		0.017909
2365		0.0180401
2366		0.0204552
2367		0.0181096
2368		0.017091
2369		0.0167361
2370		0.017338
2371		0.0147762
2372		0.0181559
2373		0.0150849
2374		0.0150694
2375		0.0147531
2376		0.0118133
2377		0.0122685
2378		0.0146682
2379		0.014429
2380		0.0160648
2381		0.016466
2382		0.0196914
2383		0.0275463
2384		0.0325849
2385		0.0384799
2386		0.0498302
2387		0.0517593
2388		0.0621682
2389		0.0603549
2390		0.0600694
2391		0.0558642
2392		0.0532407
2393		0.0495756
2394		0.0489892
2395		0.049483
2396		0.0479552
2397		0.0433951
2398		0.0365586
2399		0.0355324
2400		0.0337577
2401		0.0300154
2402		0.0333642
2403		0.0325617
2404		0.039784
2405		0.0428086
2406		0.0415586
2407		0.0527469
2408		0.0547531
2409		0.0543248
2410		0.0509144
2411		0.0439236
2412		0.0456983
2413		0.0471605
2414		0.0456636
2415		0.0530401
2416		0.0471991
2417		0.0465818
2418		0.0442207
2419		0.0407253
2420		0.0416358
2421		0.0402623
2422		0.0380363
2423		0.0320293
2424		0.0240432
2425		0.0186883
2426		0.0179475
2427		0.0175849
2428		0.0194676
2429		0.016821
2430		0.0155787
2431		0.0162191
2432		0.0172222
2433		0.0257407
2434		0.0342593
2435		0.0371605
2436		0.045625
2437		0.0481867
2438		0.0507446
2439		0.0503164
2440		0.0541744
2441		0.0544676
2442		0.0568056
2443		0.0573495
2444		0.0583989
2445		0.0607948
2446		0.061088
2447		0.0624306
2448		0.0624383
2449		0.063206
2450		0.0641049
2451		0.0646875
2452		0.0649228
2453		0.065
2454		0.0662616
2455		0.068669
2456		0.0697492
2457		0.0722647
2458		0.0741937
2459		0.0742245
2460		0.0758603
2461		0.0808912
2462		0.0808796
2463		0.082635
2464		0.0830941
2465		0.0834491
2466		0.0792863
2467		0.073642
2468		0.0712886
2469		0.0651929
2470		0.0617477
2471		0.0591898
2472		0.0554707
2473		0.0515509
2474		0.0486034
2475		0.0432022
2476		0.0444483
2477		0.0445525
2478		0.0429707
2479		0.0402546
2480		0.0385262
2481		0.0359028
2482		0.0341127
2483		0.0339815
2484		0.0295062
2485		0.03
2486		0.0308333
2487		0.0306327
2488		0.0302623
2489		0.0301543
2490		0.0314815
2491		0.0326235
2492		0.0330401
2493		0.0337616
2494		0.034811
2495		0.0357099
2496		0.0365702
2497		0.0367554
2498		0.0366667
2499		0.0364969
2500		0.0379167
2501		0.0383642
2502		0.0389969
2503		0.0400772
2504		0.0422685
2505		0.0441667
2506		0.0422685
2507		0.0451543
2508		0.0490432
2509		0.0559414
2510		0.0593673
2511		0.0643133
2512		0.0732639
2513		0.0763657
2514		0.0812114
2515		0.0818056
2516		0.0823418
2517		0.0784645
2518		0.0766744
2519		0.0758796
2520		0.0759877
2521		0.0756404
2522		0.0771759
2523		0.0762963
2524		0.0789198
2525		0.0790355
2526		0.0783102
2527		0.0731173
2528		0.0737732
2529		0.0736265
2530		0.0717361
2531		0.0729784
2532		0.0763889
2533		0.0725926
2534		0.0725
2535		0.0777315
2536		0.0818364
2537		0.0783025
2538		0.0779321
2539		0.0823302
2540		0.0841821
2541		0.0888426
2542		0.0844599
2543		0.0833333
2544		0.0863194
2545		0.0906173
2546		0.0866049
2547		0.0819444
2548		0.0850617
2549		0.0813117
2550		0.0777006
2551		0.0784568
2552		0.0779591
2553		0.0824151
2554		0.077608
2555		0.0743904
2556		0.0711574
2557		0.0680478
2558		0.0692052
2559		0.0695679
2560		0.0700154
2561		0.0587924
2562		0.0499036
2563		0.0409722
2564		0.0411111
2565		0.0369522
2566		0.0333565
2567		0.0336265
2568		0.0328472
2569		0.0295216
2570		0.0277932
2571		0.0249498
2572		0.0206019
2573		0.0173187
2574		0.0172994
2575		0.0162963
2576		0.0152315
2577		0.0144753
2578		0.0135494
2579		0.0143056
2580		0.0137963
2581		0.0146142
2582		0.0149074
2583		0.0139815
2584		0.0134722
2585		0.0130401
2586		0.0144444
2587		0.0154012
2588		0.0150772
2589		0.0149383
2590		0.0147839
2591		0.0150154
2592		0.0157562
2593		0.0149228
2594		0.0152315
2595		0.0160185
2596		0.0159877
2597		0.0166975
2598		0.0145679
2599		0.0151389
2600		0.0144907
2601		0.0145988
2602		0.0153241
2603		0.0153241
2604		0.0153549
2605		0.0154475
2606		0.016142
2607		0.015216
2608		0.015216
2609		0.015216
2610		0.0145216
2611		0.0164198
2612		0.0149846
2613		0.0162654
2614		0.0164506
2615		0.0160031
2616		0.0158333
2617		0.01625
2618		0.0172222
2619		0.0164198
2620		0.0174074
2621		0.0176235
2622		0.0164198
2623		0.0166667
2624		0.0178858
2625		0.0244599
2626		0.0334259
2627		0.0360494
2628		0.0436574
2629		0.0487809
2630		0.050463
2631		0.0537037
2632		0.0543827
2633		0.0556867
2634		0.0573303
2635		0.0596605
2636		0.0597685
2637		0.0655093
2638		0.0708642
2639		0.0760031
2640		0.0814506
2641		0.0870833
2642		0.0912963
2643		0.0983642
2644		0.100432
2645		0.101991
2646		0.10919
2647		0.115015
2648		0.121821
2649		0.125023
2650		0.131019
2651		0.132346
2652		0.137076
2653		0.138781
2654		0.13902
2655		0.143673
2656		0.145231
2657		0.148627
2658		0.150293
2659		0.152577
2660		0.157878
2661		0.146011
2662		0.154645
2663		0.157338
2664		0.156713
2665		0.164167
2666		0.159213
2667		0.155386
2668		0.161327
2669		0.162593
2670		0.164059
2671		0.163349
2672		0.160633
2673		0.164167
2674		0.160324
2675		0.168789
2676		0.167438
2677		0.168611
2678		0.163283
2679		0.16142
2680		0.16559
2681		0.161188
2682		0.147338
2683		0.14588
2684		0.146173
2685		0.142392
2686		0.108403
2687		0.104352
2688		0.107006
2689		0.111142
2690		0.11064
2691		0.113056
2692		0.107373
2693		0.106813
2694		0.105586
2695		0.0959568
2696		0.0949306
2697		0.0831713
2698		0.0750077
2699		0.0693441
2700		0.0633565
2701		0.0633025
2702		0.0649614
2703		0.0610031
2704		0.0612037
2705		0.0636343
2706		0.0663117
2707		0.0683488
2708		0.0677083
2709		0.0637654
2710		0.0588117
2711		0.0580556
2712		0.054784
2713		0.0528627
2714		0.0528549
2715		0.0549846
2716		0.055463
2717		0.0556481
2718		0.0557716
2719		0.0558642
2720		0.0562654
2721		0.0566975
2722		0.0543634
2723		0.055598
2724		0.0557523
2725		0.0565123
2726		0.0579784
2727		0.0607407
2728		0.0677623
2729		0.0696914
2730		0.0765586
2731		0.0825733
2732		0.084159
2733		0.0887886
2734		0.0897454
2735		0.0932909
2736		0.0962346
2737		0.0983642
2738		0.0984105
2739		0.0983719
2740		0.100571
2741		0.100579
2742		0.101119
2743		0.102855
2744		0.103434
2745		0.102504
2746		0.104001
2747		0.105772
2748		0.108156
2749		0.111381
2750		0.11189
2751		0.111096
2752		0.111898
2753		0.111806
2754		0.114475
2755		0.116049
2756		0.117253
2757		0.118808
2758		0.121937
2759		0.120826
2760		0.121335
2761		0.122261
2762		0.121852
2763		0.123858
2764		0.124105
2765		0.124228
2766		0.126698
2767		0.130802
2768		0.130262
2769		0.132191
2770		0.132392
2771		0.1325
2772		0.132855
2773		0.135417
2774		0.13659
2775		0.139352
2776		0.141852
2777		0.143426
2778		0.145756
2779		0.145255
2780		0.146065
2781		0.146636
2782		0.14821
2783		0.147824
2784		0.145355
2785		0.146389
2786		0.138796
2787		0.13858
2788		0.13909
2789		0.138407
2790		0.136667
2791		0.137068
2792		0.137176
2793		0.136115
2794		0.136863
2795		0.136258
2796		0.13642
2797		0.138565
2798		0.136628
2799		0.139198
2800		0.140455
2801		0.140872
2802		0.141543
2803		0.14162
2804		0.14206
2805		0.144313
2806		0.14429
2807		0.144414
2808		0.146559
2809		0.145525
2810		0.145
2811		0.14316
2812		0.142762
2813		0.14466
2814		0.144842
2815		0.144537
2816		0.145251
2817		0.143927
2818		0.14706
2819		0.149861
2820		0.147176
2821		0.14608
2822		0.146204
2823		0.148453
2824		0.146246
2825		0.148025
2826		0.147948
2827		0.148329
2828		0.148194
2829		0.14782
2830		0.146744
2831		0.147747
2832		0.147346
2833		0.147242
2834		0.147921
2835		0.148318
2836		0.150285
2837		0.151184
2838		0.148233
2839		0.148117
2840		0.150285
2841		0.152083
2842		0.152593
2843		0.152481
2844		0.150482
2845		0.150872
2846		0.152909
2847		0.153974
2848		0.152681
2849		0.154228
2850		0.158777
2851		0.163746
2852		0.164321
2853		0.166809
2854		0.167207
2855		0.1675
2856		0.165509
2857		0.16304
2858		0.162701
2859		0.160806
2860		0.158353
2861		0.151343
2862		0.149645
2863		0.148966
2864		0.149012
2865		0.151466
2866		0.150988
2867		0.151188
2868		0.151065
2869		0.150509
2870		0.151863
2871		0.151184
2872		0.151462
2873		0.150463
2874		0.150328
2875		0.151605
2876		0.151497
2877		0.149907
2878		0.152195
2879		0.153291
2880		0.154757
2881		0.158565
2882		0.158858
2883		0.160833
2884		0.162095
2885		0.163777
2886		0.171265
2887		0.174167
2888		0.174352
2889		0.175633
2890		0.175571
2891		0.177824
2892		0.178781
2893		0.178843
2894		0.180741
2895		0.179105
2896		0.178333
2897		0.178063
2898		0.177832
2899		0.178372
2900		0.180201
2901		0.180424
2902		0.180656
2903		0.178619
2904		0.180154
2905		0.178256
2906		0.178916
2907		0.180382
2908		0.179981
2909		0.180027
2910		0.181385
2911		0.173129
2912		0.172955
2913		0.173904
2914		0.172338
2915		0.172878
2916		0.173642
2917		0.174491
2918		0.17284
2919		0.172948
2920		0.17446
2921		0.175116
2922		0.176566
2923		0.178927
2924		0.179144
2925		0.178688
2926		0.179028
2927		0.177431
2928		0.176728
2929		0.175139
2930		0.175748
2931		0.176952
2932		0.179228
2933		0.177631
2934		0.179329
2935		0.180108
2936		0.168441
2937		0.169471
2938		0.168175
2939		0.169151
2940		0.170787
2941		0.174861
2942		0.179182
2943		0.183056
2944		0.187361
2945		0.190015
2946		0.193295
2947		0.198472
2948		0.203638
2949		0.208916
2950		0.214846
2951		0.217269
2952		0.221451
2953		0.225818
2954		0.227762
2955		0.23375
2956		0.237137
2957		0.241921
2958		0.246983
2959		0.251728
2960		0.256073
2961		0.26912
2962		0.275401
2963		0.278839
2964		0.283804
2965		0.289429
2966		0.29196
2967		0.295444
2968		0.30103
2969		0.303129
2970		0.308839
2971		0.314182
2972		0.315498
2973		0.321775
2974		0.325062
2975		0.328044
2976		0.331096
2977		0.335833
2978		0.340139
2979		0.341366
2980		0.341644
2981		0.343881
2982		0.344934
2983		0.349298
2984		0.349653
2985		0.354167
2986		0.351744
2987		0.354475
2988		0.355309
2989		0.358017
2990		0.361073
2991		0.365548
2992		0.37098
2993		0.377172
2994		0.377477
2995		0.379653
2996		0.384213
2997		0.38963
2998		0.394352
2999		0.394614
3000		0.399375
3001		0.397052
3002		0.401775
3003		0.402855
3004		0.409306
3005		0.414105
3006		0.416914
3007		0.42142
3008		0.42537
3009		0.433457
3010		0.438071
3011		0.441435
3012		0.448688
3013		0.45537
3014		0.453488
3015		0.46142
3016		0.46784
3017		0.473534
3018		0.482114
3019		0.483387
3020		0.485208
3021		0.490795
3022		0.500648
3023		0.508727
3024		0.504923
3025		0.51304
3026		0.512284
3027		0.511343
3028		0.512407
3029		0.519093
3030		0.518457
3031		0.519132
3032		0.51836
3033		0.512967
3034		0.515359
3035		0.51755
3036		0.50966
3037		0.504136
3038		0.503873
3039		0.507099
3040		0.51517
3041		0.51108
3042		0.516806
3043		0.511755
3044		0.517357
3045		0.515664
3046		0.515448
3047		0.514938
3048		0.515062
3049		0.517542
3050		0.516277
3051		0.520972
3052		0.515046
3053		0.517824
3054		0.51762
3055		0.514981
3056		0.513858
3057		0.512284
3058		0.512716
3059		0.514321
3060		0.520432
3061		0.49659
3062		0.494877
3063		0.492731
3064		0.495015
3065		0.503684
3066		0.511759
3067		0.518623
3068		0.525093
3069		0.528657
3070		0.528518
3071		0.528596
3072		0.524687
3073		0.52211
3074		0.524074
3075		0.526605
3076		0.530197
3077		0.529954
3078		0.5237
3079		0.528175
3080		0.531898
3081		0.539722
3082		0.551204
3083		0.555139
3084		0.554857
3085		0.562477
3086		0.558735
3087		0.561736
3088		0.55919
3089		0.562546
3090		0.563785
3091		0.562967
3092		0.563804
3093		0.563048
3094		0.562338
3095		0.565733
3096		0.569379
3097		0.568773
3098		0.569988
3099		0.564317
3100		0.565432
3101		0.567427
3102		0.576454
3103		0.574911
3104		0.575359
3105		0.571624
3106		0.572704
3107		0.573846
3108		0.574726
3109		0.573461
3110		0.576146
3111		0.541134
3112		0.540042
3113		0.543715
3114		0.545876
3115		0.545829
3116		0.547033
3117		0.544344
3118		0.549267
3119		0.552616
3120		0.554653
3121		0.552249
3122		0.553951
3123		0.557465
3124		0.560741
3125		0.564672
3126		0.564579
3127		0.568962
3128		0.568067
3129		0.569718
3130		0.569626
3131		0.573005
3132		0.5675
3133		0.568048
3134		0.569498
3135		0.572724
3136		0.571188
3137		0.573233
3138		0.576165
3139		0.573657
3140		0.577299
3141		0.579838
3142		0.581852
3143		0.581485
3144		0.58262
3145		0.583607
3146		0.586613
3147		0.591536
3148		0.591852
3149		0.591443
3150		0.595039
3151		0.595085
3152		0.593692
3153		0.592307
3154		0.597353
3155		0.596879
3156		0.597184
3157		0.600467
3158		0.599819
3159		0.601655
3160		0.603704
3161		0.566404
3162		0.5675
3163		0.564726
3164		0.561177
3165		0.567404
3166		0.563661
3167		0.563588
3168		0.568333
3169		0.571508
3170		0.573175
3171		0.572195
3172		0.571694
3173		0.572103
3174		0.573032
3175		0.573511
3176		0.573048
3177		0.575837
3178		0.578183
3179		0.584838
3180		0.584406
3181		0.590934
3182		0.597122
3183		0.600116
3184		0.601613
3185		0.600532
3186		0.60466
3187		0.610571
3188		0.612346
3189		0.612948
3190		0.618009
3191		0.61696
3192		0.622168
3193		0.622747
3194		0.62375
3195		0.627377
3196		0.63152
3197		0.629946
3198		0.626906
3199		0.627022
3200		0.627959
3201		0.629718
3202		0.630687
3203		0.6325
3204		0.634985
3205		0.633642
3206		0.635282
3207		0.634931
3208		0.634128
3209		0.635733
3210		0.633333
3211		0.579742
3212		0.581389
3213		0.581281
3214		0.589414
3215		0.588981
3216		0.586651
3217		0.589923
3218		0.587504
3219		0.592454
3220		0.591539
3221		0.593314
3222		0.593299
3223		0.594919
3224		0.599047
3225		0.597508
3226		0.602299
3227		0.603098
3228		0.60358
3229		0.60784
3230		0.608241
3231		0.611312
3232		0.611867
3233		0.613117
3234		0.615
3235		0.615455
3236		0.600822
3237		0.602442
3238		0.602982
3239		0.600559
3240		0.604861
3241		0.603657
3242		0.604664
3243		0.605606
3244		0.606273
3245		0.607083
3246		0.605617
3247		0.606188
3248		0.60387
3249		0.604201
3250		0.605957
3251		0.581775
3252		0.582512
3253		0.581879
3254		0.584306
3255		0.584444
3256		0.585451
3257		0.588225
3258		0.586821
3259		0.586975
3260		0.590324
3261		0.588704
3262		0.588735
3263		0.591759
3264		0.598472
3265		0.598519
3266		0.599228
3267		0.598657
3268		0.595957
3269		0.599259
3270		0.600494
3271		0.600633
3272		0.599213
3273		0.599074
3274		0.604414
3275		0.604988
3276		0.608785
3277		0.606146
3278		0.608198
3279		0.613137
3280		0.610679
3281		0.611281
3282		0.612423
3283		0.612604
3284		0.612199
3285		0.614444
3286		0.61716
3287		0.61669
3288		0.618819
3289		0.620158
3290		0.619776
3291		0.619263
3292		0.621223
3293		0.62189
3294		0.624005
3295		0.621975
3296		0.622168
3297		0.621902
3298		0.623341
3299		0.623758
3300		0.623769
3301		0.623542
3302		0.623711
3303		0.623638
3304		0.624186
3305		0.624653
3306		0.622569
3307		0.622812
3308		0.624637
3309		0.622658
3310		0.623908
3311		0.575062
3312		0.573503
3313		0.580324
3314		0.58162
3315		0.581435
3316		0.584738
3317		0.585772
3318		0.587427
3319		0.58576
3320		0.584402
3321		0.584448
3322		0.587269
3323		0.587434
3324		0.586458
3325		0.588233
3326		0.594911
3327		0.592836
3328		0.590864
3329		0.590212
3330		0.592469
3331		0.592126
3332		0.593619
3333		0.597052
3334		0.599059
3335		0.599074
3336		0.602608
3337		0.603981
3338		0.601204
3339		0.603179
3340		0.601532
3341		0.600633
3342		0.602438
3343		0.608426
3344		0.608549
3345		0.608812
3346		0.609552
3347		0.609846
3348		0.610779
3349		0.608804
3350		0.615096
3351		0.616455
3352		0.616844
3353		0.615455
3354		0.617191
3355		0.618272
3356		0.616798
3357		0.616551
3358		0.616914
3359		0.617469
3360		0.618233
3361		0.623727
3362		0.622485
3363		0.620725
3364		0.622639
3365		0.623719
3366		0.624923
3367		0.624352
3368		0.623549
3369		0.621404
3370		0.623727
3371		0.626397
3372		0.625363
3373		0.63034
3374		0.626285
3375		0.628816
3376		0.629799
3377		0.628754
3378		0.626921
3379		0.623812
3380		0.625031
3381		0.627832
3382		0.627091
3383		0.628542
3384		0.6276
3385		0.627577
3386		0.587361
3387		0.585779
3388		0.588048
3389		0.591188
3390		0.593893
3391		0.596208
3392		0.597801
3393		0.598306
3394		0.598214
3395		0.595853
3396		0.597612
3397		0.599896
3398		0.601644
3399		0.603692
3400		0.604066
3401		0.604448
3402		0.603152
3403		0.605486
3404		0.606211
3405		0.609205
3406		0.610066
3407		0.611624
3408		0.611273
3409		0.6099
3410		0.610135
3411		0.597037
3412		0.595976
3413		0.597951
3414		0.602257
3415		0.598295
3416		0.599973
3417		0.598831
3418		0.601289
3419		0.59902
3420		0.598356
3421		0.595193
3422		0.601458
3423		0.598225
3424		0.599865
3425		0.602187
3426		0.604089
3427		0.601215
3428		0.605648
3429		0.605799
3430		0.603924
3431		0.606192
3432		0.606705
3433		0.607901
3434		0.608549
3435		0.608283
3436		0.606204
3437		0.608418
3438		0.608985
3439		0.60939
3440		0.608711
3441		0.60973
3442		0.608507
3443		0.611732
3444		0.610521
3445		0.610764
3446		0.612052
3447		0.611497
3448		0.612963
3449		0.612824
3450		0.613696
3451		0.617153
3452		0.615586
3453		0.616836
3454		0.619653
3455		0.617415
3456		0.619815
3457		0.620363
3458		0.621427
3459		0.622801
3460		0.620432
3461		0.592184
3462		0.594128
3463		0.596551
3464		0.599811
3465		0.599907
3466		0.599695
3467		0.601065
3468		0.603765
3469		0.601999
3470		0.605324
3471		0.605378
3472		0.604969
3473		0.607307
3474		0.606983
3475		0.609205
3476		0.605548
3477		0.607346
3478		0.608499
3479		0.610972
3480		0.612438
3481		0.618376
3482		0.61701
3483		0.61679
3484		0.617569
3485		0.61777
3486		0.61196
3487		0.611466
3488		0.612654
3489		0.615112
3490		0.615432
3491		0.623086
3492		0.621863
3493		0.626694
3494		0.628418
3495		0.631146
3496		0.629356
3497		0.633457
3498		0.632731
3499		0.63473
3500		0.633881
3501		0.617265
3502		0.617743
3503		0.619306
3504		0.620004
3505		0.621285
3506		0.621686
3507		0.623059
3508		0.622577
3509		0.623156
3510		0.623885
3511		0.565679
3512		0.565505
3513		0.568233
3514		0.563908
3515		0.568453
3516		0.570467
3517		0.57233
3518		0.576914
3519		0.5775
3520		0.5788
3521		0.580293
3522		0.581759
3523		0.582843
3524		0.585664
3525		0.587087
3526		0.589556
3527		0.59272
3528		0.597427
3529		0.597396
3530		0.59988
3531		0.598337
3532		0.601512
3533		0.599869
3534		0.602369
3535		0.602076
3536		0.611867
3537		0.611744
3538		0.611536
3539		0.609545
3540		0.612083
3541		0.612315
3542		0.612407
3543		0.619028
3544		0.61875
3545		0.618966
3546		0.62037
3547		0.622037
3548		0.620818
3549		0.62304
3550		0.624985
3551		0.624043
3552		0.625467
3553		0.625424
3554		0.627809
3555		0.625359
3556		0.626655
3557		0.625378
3558		0.626211
3559		0.626806
3560		0.626474
3561		0.617816
3562		0.618758
3563		0.622967
3564		0.619919
3565		0.623526
3566		0.624838
3567		0.625502
3568		0.624008
3569		0.626759
3570		0.634333
3571		0.635243
3572		0.639194
3573		0.636991
3574		0.641169
3575		0.644321
3576		0.644228
3577		0.647419
3578		0.647377
3579		0.650421
3580		0.648688
3581		0.648831
3582		0.65164
3583		0.653719
3584		0.651184
3585		0.651914
3586		0.651096
3587		0.649306
3588		0.648237
3589		0.6487
3590		0.652095
3591		0.651049
3592		0.650162
3593		0.650556
3594		0.650509
3595		0.621535
3596		0.619259
3597		0.624259
3598		0.627384
3599		0.628565
3600		0.628202
3601		0.628148
3602		0.63125
3603		0.627446
3604		0.628411
3605		0.630617
3606		0.630069
3607		0.632133
3608		0.63223
3609		0.632114
3610		0.632569
3611		0.633735
3612		0.633557
3613		0.633372
3614		0.635355
3615		0.63483
3616		0.631867
3617		0.633522
3618		0.634572
3619		0.636389
3620		0.591157
3621		0.594599
3622		0.600509
3623		0.597222
3624		0.60233
3625		0.60701
3626		0.607226
3627		0.607708
3628		0.608252
3629		0.608762
3630		0.611775
3631		0.61417
3632		0.615482
3633		0.618491
3634		0.618677
3635		0.623144
3636		0.624745
3637		0.629537
3638		0.633877
3639		0.634614
3640		0.636906
3641		0.633727
3642		0.634144
3643		0.638526
3644		0.63924
3645		0.644228
3646		0.642222
3647		0.643681
3648		0.643387
3649		0.641397
3650		0.642909
3651		0.64375
3652		0.650204
3653		0.645409
3654		0.645934
3655		0.646435
3656		0.645309
3657		0.647685
3658		0.648542
3659		0.646478
3660		0.642994
3661		0.645633
3662		0.646246
3663		0.644525
3664		0.645224
3665		0.642531
3666		0.646343
3667		0.645224
3668		0.643503
3669		0.646049
3670		0.614981
3671		0.615417
3672		0.622465
3673		0.620247
3674		0.623121
3675		0.619954
3676		0.620471
3677		0.622639
3678		0.618804
3679		0.623383
3680		0.617407
3681		0.62039
3682		0.62777
3683		0.629132
3684		0.628414
3685		0.63054
3686		0.630729
3687		0.63326
3688		0.629807
3689		0.632434
3690		0.631794
3691		0.634228
3692		0.629286
3693		0.634043
3694		0.633079
3695		0.628769
3696		0.630116
3697		0.631767
3698		0.631532
3699		0.62946
3700		0.624379
3701		0.625444
3702		0.625073
3703		0.62767
3704		0.626258
3705		0.628507
3706		0.628978
3707		0.629788
3708		0.63309
3709		0.634468
3710		0.638723
3711		0.637654
3712		0.637589
3713		0.640667
3714		0.644024
3715		0.643357
3716		0.643191
3717		0.642816
3718		0.644344
3719		0.643449
3720		0.613233
3721		0.615177
3722		0.616335
3723		0.620131
3724		0.621073
3725		0.620409
3726		0.620058
3727		0.6199
3728		0.619904
3729		0.617647
3730		0.618866
3731		0.617461
3732		0.619032
3733		0.620066
3734		0.618438
3735		0.619958
3736		0.620594
3737		0.619522
3738		0.622685
3739		0.624151
3740		0.622886
3741		0.621528
3742		0.620401
3743		0.621173
3744		0.619977
3745		0.610718
3746		0.610517
3747		0.610964
3748		0.613179
3749		0.611103
3750		0.612755
3751		0.599572
3752		0.603013
3753		0.601238
3754		0.601593
3755		0.604564
3756		0.604491
3757		0.6075
3758		0.610494
3759		0.6113
3760		0.614066
3761		0.61397
3762		0.614672
3763		0.61179
3764		0.616512
3765		0.613827
3766		0.618364
3767		0.614089
3768		0.615648
3769		0.614066
3770		0.56169
3771		0.563715
3772		0.568831
3773		0.569309
3774		0.571802
3775		0.57238
3776		0.572697
3777		0.57365
3778		0.573465
3779		0.574198
3780		0.57255
3781		0.574788
3782		0.575343
3783		0.577133
3784		0.577164
3785		0.57843
3786		0.580393
3787		0.583492
3788		0.584082
3789		0.585174
3790		0.586258
3791		0.585621
3792		0.588569
3793		0.58985
3794		0.592357
3795		0.581578
3796		0.582836
3797		0.588349
3798		0.588792
3799		0.588607
3800		0.590725
3801		0.589649
3802		0.591331
3803		0.597747
3804		0.59843
3805		0.598461
3806		0.597299
3807		0.597458
3808		0.600606
3809		0.603349
3810		0.601667
3811		0.603735
3812		0.600594
3813		0.603503
3814		0.604282
3815		0.606103
3816		0.608056
3817		0.611497
3818		0.611759
3819		0.614691
3820		0.623364
3821		0.624105
3822		0.625359
3823		0.624333
3824		0.627689
3825		0.625324
3826		0.631582
3827		0.627485
3828		0.631115
3829		0.634217
3830		0.633503
3831		0.636061
3832		0.63983
3833		0.640768
3834		0.639877
3835		0.642712
3836		0.643395
3837		0.650085
3838		0.647431
3839		0.648927
3840		0.649861
3841		0.65213
3842		0.652623
3843		0.654946
3844		0.655556
3845		0.652303
3846		0.649016
3847		0.651763
3848		0.654772
3849		0.654047
3850		0.6563
3851		0.658245
3852		0.660293
3853		0.660528
3854		0.665401
3855		0.667176
3856		0.671238
3857		0.67439
3858		0.677095
3859		0.675903
3860		0.677959
3861		0.685066
3862		0.68814
3863		0.683515
3864		0.688441
3865		0.688245
3866		0.683638
3867		0.683345
3868		0.68093
3869		0.68091
3870		0.625814
3871		0.624286
3872		0.626883
3873		0.625976
3874		0.627631
3875		0.630008
3876		0.630606
3877		0.628557
3878		0.631767
3879		0.634001
3880		0.634684
3881		0.640509
3882		0.643692
3883		0.641242
3884		0.638573
3885		0.640116
3886		0.639687
3887		0.641443
3888		0.640559
3889		0.642485
3890		0.643241
3891		0.643071
3892		0.645228
3893		0.647843
3894		0.648831
3895		0.655066
3896		0.650382
3897		0.656574
3898		0.656269
3899		0.660633
3900		0.659344
3901		0.659514
3902		0.658696
3903		0.665247
3904		0.664499
3905		0.667569
3906		0.674066
3907		0.672778
3908		0.670312
3909		0.670644
3910		0.670448
3911		0.674352
3912		0.675409
3913		0.67463
3914		0.677284
3915		0.677747
3916		0.677068
3917		0.676088
3918		0.674421
3919		0.675868
3920		0.651076
3921		0.651111
3922		0.648823
3923		0.655262
3924		0.656065
3925		0.65539
3926		0.655802
3927		0.656998
3928		0.657863
3929		0.652083
3930		0.656528
3931		0.658943
3932		0.659128
3933		0.659923
3934		0.659958
3935		0.658982
3936		0.660228
3937		0.656574
3938		0.66039
3939		0.662623
3940		0.664522
3941		0.660093
3942		0.66485
3943		0.664259
3944		0.66686
3945		0.640787
3946		0.643982
3947		0.646219
3948		0.64716
3949		0.648349
3950		0.644506
3951		0.646022
3952		0.644032
3953		0.649012
3954		0.645887
3955		0.649549
3956		0.65223
3957		0.658395
3958		0.655293
3959		0.652188
3960		0.653221
3961		0.653816
3962		0.650285
3963		0.653974
3964		0.656655
3965		0.655702
3966		0.655417
3967		0.660671
3968		0.66505
3969		0.662195
3970		0.666647
3971		0.669537
3972		0.669398
3973		0.669819
3974		0.671566
3975		0.672133
3976		0.672998
3977		0.674128
3978		0.67211
3979		0.672867
3980		0.678746
3981		0.681474
3982		0.683071
3983		0.682272
3984		0.681319
3985		0.682809
3986		0.675166
3987		0.67686
3988		0.671763
3989		0.676447
3990		0.678843
3991		0.68581
3992		0.68642
3993		0.685999
3994		0.684873
3995		0.664506
3996		0.662037
3997		0.66213
3998		0.658588
3999		0.658873
4000		0.658017
4001		0.633947
4002		0.636771
4003		0.640366
4004		0.640062
4005		0.641898
4006		0.653827
4007		0.655104
4008		0.654761
4009		0.658781
4010		0.661111
4011		0.662199
4012		0.660424
4013		0.659961
4014		0.660586
4015		0.662832
4016		0.664823
4017		0.665162
4018		0.663287
4019		0.663827
4020		0.630926
4021		0.629938
4022		0.629167
4023		0.628904
4024		0.6349
4025		0.633711
4026		0.630702
4027		0.634753
4028		0.637554
4029		0.644672
4030		0.643746
4031		0.647813
4032		0.644514
4033		0.644086
4034		0.653765
4035		0.649595
4036		0.646362
4037		0.649209
4038		0.655093
4039		0.666431
4040		0.668183
4041		0.668499
4042		0.662739
4043		0.659398
4044		0.658129
4045		0.610401
4046		0.608318
4047		0.607203
4048		0.613125
4049		0.617569
4050		0.612438
4051		0.615814
4052		0.623094
4053		0.619016
4054		0.617635
4055		0.625737
4056		0.635698
4057		0.636242
4058		0.625656
4059		0.620656
4060		0.628727
4061		0.625228
4062		0.632519
4063		0.633522
4064		0.639198
4065		0.636987
4066		0.64201
4067		0.632211
4068		0.635895
4069		0.63186
4070		0.65392
4071		0.654036
4072		0.656346
4073		0.66564
4074		0.662739
4075		0.659016
4076		0.667141
4077		0.66571
4078		0.663156
4079		0.654267
4080		0.66064
4081		0.658889
4082		0.661427
4083		0.665664
4084		0.665309
4085		0.666134
4086		0.667006
4087		0.668464
4088		0.671088
4089		0.67135
4090		0.670918
4091		0.669707
4092		0.673665
4093		0.670864
4094		0.672199
4095		0.65098
4096		0.65311
4097		0.650887
4098		0.652824
4099		0.655575
4100		0.658823
4101		0.663422
4102		0.656944
4103		0.660683
4104		0.661717
4105		0.658067
4106		0.666319
4107		0.663549
4108		0.664113
4109		0.653499
4110		0.653993
4111		0.658484
4112		0.661107
4113		0.663615
4114		0.666512
4115		0.662535
4116		0.664599
4117		0.665563
4118		0.664522
4119		0.668056
4120		0.678098
4121		0.679475
4122		0.681196
4123		0.678978
4124		0.683071
4125		0.681339
4126		0.68059
4127		0.680752
4128		0.681601
4129		0.680046
4130		0.678202
4131		0.677134
4132		0.679842
4133		0.680448
4134		0.686624
4135		0.6862
4136		0.686698
4137		0.684599
4138		0.679066
4139		0.681728
4140		0.677535
4141		0.680694
4142		0.678603
4143		0.681678
4144		0.679024
4145		0.615679
4146		0.618264
4147		0.616848
4148		0.617955
4149		0.622967
4150		0.62321
4151		0.622438
4152		0.623657
4153		0.632157
4154		0.627778
4155		0.627975
4156		0.633025
4157		0.635301
4158		0.640621
4159		0.649198
4160		0.653376
4161		0.650706
4162		0.656385
4163		0.659661
4164		0.659429
4165		0.657284
4166		0.663457
4167		0.662029
4168		0.663005
4169		0.665374
4170		0.653299
4171		0.657654
4172		0.66
4173		0.652006
4174		0.655683
4175		0.671725
4176		0.67098
4177		0.666952
4178		0.673279
4179		0.673484
4180		0.676713
4181		0.68814
4182		0.686563
4183		0.692627
4184		0.694383
4185		0.690293
4186		0.688148
4187		0.689961
4188		0.688808
4189		0.691424
4190		0.695486
4191		0.698843
4192		0.704248
4193		0.698403
4194		0.703098
4195		0.693642
4196		0.691628
4197		0.69537
4198		0.695706
4199		0.699205
4200		0.697164
4201		0.705729
4202		0.702681
4203		0.702623
4204		0.702052
4205		0.702546
4206		0.707481
4207		0.709452
4208		0.717218
4209		0.715235
4210		0.718534
4211		0.721416
4212		0.713565
4213		0.71561
4214		0.71897
4215		0.718985
4216		0.718368
4217		0.719267
4218		0.716512
4219		0.718318
4220		0.680239
4221		0.681489
4222		0.67713
4223		0.683804
4224		0.68397
4225		0.671956
4226		0.674568
4227		0.670876
4228		0.675239
4229		0.677407
4230		0.67554
4231		0.679583
4232		0.673742
4233		0.674691
4234		0.683198
4235		0.688372
4236		0.689263
4237		0.689992
4238		0.684626
4239		0.684502
4240		0.646454
4241		0.636759
4242		0.647091
4243		0.635035
4244		0.614803
4245		0.613453
4246		0.617384
4247		0.614645
4248		0.606813
4249		0.599691
4250		0.604136
4251		0.567917
4252		0.571235
4253		0.571069
4254		0.573569
4255		0.549583
4256		0.548873
4257		0.548646
4258		0.546975
4259		0.544082
4260		0.546497
4261		0.543133
4262		0.542018
4263		0.533603
4264		0.538518
4265		0.541806
4266		0.542762
4267		0.551103
4268		0.555042
4269		0.558395
4270		0.550309
4271		0.567018
4272		0.570123
4273		0.578955
4274		0.587866
4275		0.587562
4276		0.592562
4277		0.592361
4278		0.593654
4279		0.590644
4280		0.592801
4281		0.599128
4282		0.601173
4283		0.60488
4284		0.602265
4285		0.608314
4286		0.612724
4287		0.619552
4288		0.625775
4289		0.633191
4290		0.630938
4291		0.637245
4292		0.651401
4293		0.640652
4294		0.639564
4295		0.643627
4296		0.644934
4297		0.650664
4298		0.661451
4299		0.663804
4300		0.671601
4301		0.663399
4302		0.658171
4303		0.651412
4304		0.653789
4305		0.649915
4306		0.654024
4307		0.649722
4308		0.653194
4309		0.654367
4310		0.65885
4311		0.65561
4312		0.662311
4313		0.665733
4314		0.669776
4315		0.666377
4316		0.671809
4317		0.673171
4318		0.658229
4319		0.659699
4320		0.638762
4321		0.640748
4322		0.644961
4323		0.63794
4324		0.636431
4325		0.630748
4326		0.625089
4327		0.632168
4328		0.622199
4329		0.620938
4330		0.613445
4331		0.609348
4332		0.612824
4333		0.612828
4334		0.611107
4335		0.611319
4336		0.605363
4337		0.598005
4338		0.596975
4339		0.594005
4340		0.594653
4341		0.602292
4342		0.605355
4343		0.609533
4344		0.612901
4345		0.595432
4346		0.604591
4347		0.606582
4348		0.623318
4349		0.624977
4350		0.626188
4351		0.630521
4352		0.633052
4353		0.627978
4354		0.631277
4355		0.633071
4356		0.629444
4357		0.629367
4358		0.62309
4359		0.621007
4360		0.622149
4361		0.622662
4362		0.625004
4363		0.620521
4364		0.622674
4365		0.619344
4366		0.621385
4367		0.617774
4368		0.61468
4369		0.621038
4370		0.627585
4371		0.625367
4372		0.632218
4373		0.636802
4374		0.633993
4375		0.637187
4376		0.636412
4377		0.629745
4378		0.631532
4379		0.627176
4380		0.627087
4381		0.630073
4382		0.626493
4383		0.62348
4384		0.630397
4385		0.627303
4386		0.63162
4387		0.63294
4388		0.625787
4389		0.623411
4390		0.620602
4391		0.623171
4392		0.621601
4393		0.615864
4394		0.601431
4395		0.601362
4396		0.59576
4397		0.581779
4398		0.576111
4399		0.568102
4400		0.55392
4401		0.553781
4402		0.550671
4403		0.541987
4404		0.540475
4405		0.54
4406		0.534626
4407		0.53189
4408		0.53213
4409		0.534059
4410		0.531296
4411		0.52902
4412		0.524715
4413		0.520911
4414		0.527153
4415		0.530278
4416		0.526493
4417		0.522932
4418		0.514398
4419		0.514352
4420		0.503364
4421		0.505
4422		0.502643
4423		0.511292
4424		0.510806
4425		0.507762
4426		0.514657
4427		0.51539
4428		0.519344
4429		0.531042
4430		0.533044
4431		0.537338
4432		0.544306
4433		0.547041
4434		0.549425
4435		0.54875
4436		0.54919
4437		0.549321
4438		0.545177
4439		0.542488
4440		0.54419
4441		0.547782
4442		0.552801
4443		0.549506
4444		0.551493
4445		0.564271
4446		0.568688
4447		0.570826
4448		0.573052
4449		0.569294
4450		0.575471
4451		0.57914
4452		0.586304
4453		0.585143
4454		0.592797
4455		0.594101
4456		0.600914
4457		0.606516
4458		0.614178
4459		0.617944
4460		0.621948
4461		0.621956
4462		0.625938
4463		0.628808
4464		0.629356
4465		0.628426
4466		0.625228
4467		0.621208
4468		0.620162
4469		0.621798
4470		0.592238
4471		0.589772
4472		0.591763
4473		0.59412
4474		0.595401
4475		0.598638
4476		0.585891
4477		0.586528
4478		0.584252
4479		0.584568
4480		0.579464
4481		0.579954
4482		0.574742
4483		0.569603
4484		0.565069
4485		0.562874
4486		0.550644
4487		0.539896
4488		0.531211
4489		0.526057
4490		0.517531
4491		0.517002
4492		0.507095
4493		0.497901
4494		0.491246
4495		0.483538
4496		0.476941
4497		0.478735
4498		0.480795
4499		0.479082
4500		0.477041
4501		0.466833
4502		0.468144
4503		0.4711
4504		0.483071
4505		0.486717
4506		0.487843
4507		0.495486
4508		0.492041
4509		0.492755
4510		0.491995
4511		0.492924
4512		0.488619
4513		0.491663
4514		0.487242
4515		0.486887
4516		0.487238
4517		0.48794
4518		0.483819
4519		0.477778
4520		0.444931
4521		0.457103
4522		0.458816
4523		0.455791
4524		0.459024
4525		0.4712
4526		0.462488
4527		0.470949
4528		0.473133
4529		0.485336
4530		0.500046
4531		0.494819
4532		0.500644
4533		0.492851
4534		0.486346
4535		0.483557
4536		0.481049
4537		0.470783
4538		0.46924
4539		0.473515
4540		0.469363
4541		0.471728
4542		0.47571
4543		0.481559
4544		0.472014
4545		0.459136
4546		0.460579
4547		0.465841
4548		0.467577
4549		0.46615
4550		0.464861
4551		0.459884
4552		0.463673
4553		0.462739
4554		0.469988
4555		0.479977
4556		0.479931
4557		0.481779
4558		0.453503
4559		0.453071
4560		0.449414
4561		0.449954
4562		0.447361
4563		0.441659
4564		0.45728
4565		0.451528
4566		0.450525
4567		0.448835
4568		0.449568
4569		0.451574
4570		0.441667
4571		0.423742
4572		0.433233
4573		0.44419
4574		0.448816
4575		0.454425
4576		0.461512
4577		0.452569
4578		0.457415
4579		0.453194
4580		0.454927
4581		0.449414
4582		0.454024
4583		0.456632
4584		0.45863
4585		0.453121
4586		0.451782
4587		0.451798
4588		0.444086
4589		0.450131
4590		0.454136
4591		0.459117
4592		0.468364
4593		0.478781
4594		0.478418
4595		0.445374
4596		0.447921
4597		0.455637
4598		0.460992
4599		0.451211
4600		0.456613
4601		0.452716
4602		0.452917
4603		0.445174
4604		0.44385
4605		0.447859
4606		0.437118
4607		0.430764
4608		0.434174
4609		0.435509
4610		0.436937
4611		0.432836
4612		0.426397
4613		0.415806
4614		0.41213
4615		0.410625
4616		0.40836
4617		0.409271
4618		0.411964
4619		0.39902
4620		0.385911
4621		0.382928
4622		0.387346
4623		0.386435
4624		0.374259
4625		0.363831
4626		0.359769
4627		0.359888
4628		0.35081
4629		0.345937
4630		0.345224
4631		0.346065
4632		0.3463
4633		0.351516
4634		0.343322
4635		0.339093
4636		0.339915
4637		0.336404
4638		0.337843
4639		0.342724
4640		0.353071
4641		0.35309
4642		0.342901
4643		0.353603
4644		0.351161
4645		0.353495
4646		0.357801
4647		0.361617
4648		0.366705
4649		0.37218
4650		0.371809
4651		0.383029
4652		0.393954
4653		0.391562
4654		0.39635
4655		0.408511
4656		0.408411
4657		0.414826
4658		0.41961
4659		0.416809
4660		0.401709
4661		0.39826
4662		0.399294
4663		0.407245
4664		0.39941
4665		0.400224
4666		0.393121
4667		0.394325
4668		0.396833
4669		0.393954
4670		0.391763
4671		0.390764
4672		0.373441
4673		0.366339
4674		0.367307
4675		0.361416
4676		0.352955
4677		0.351671
4678		0.347342
4679		0.342701
4680		0.335417
4681		0.322867
4682		0.320428
4683		0.320494
4684		0.315108
4685		0.31108
4686		0.303962
4687		0.312728
4688		0.318117
4689		0.318542
4690		0.31762
4691		0.315617
4692		0.315814
4693		0.305
4694		0.306181
4695		0.292392
4696		0.294603
4697		0.28613
4698		0.289954
4699		0.293576
4700		0.30159
4701		0.296786
4702		0.303268
4703		0.302488
4704		0.298237
4705		0.311385
4706		0.313526
4707		0.316798
4708		0.321319
4709		0.326404
4710		0.333908
4711		0.341944
4712		0.340262
4713		0.344421
4714		0.350833
4715		0.359136
4716		0.360158
4717		0.364194
4718		0.37091
4719		0.370999
4720		0.380297
4721		0.374028
4722		0.361327
4723		0.366759
4724		0.368472
4725		0.368372
4726		0.354838
4727		0.364861
4728		0.363623
4729		0.368106
4730		0.358457
4731		0.3539
4732		0.353067
4733		0.350478
4734		0.349961
4735		0.350332
4736		0.352118
4737		0.353418
4738		0.350779
4739		0.3412
4740		0.343931
4741		0.337361
4742		0.338634
4743		0.339159
4744		0.33473
4745		0.31571
4746		0.315594
4747		0.308727
4748		0.307712
4749		0.305556
4750		0.297292
4751		0.269051
4752		0.273873
4753		0.280286
4754		0.270903
4755		0.266169
4756		0.255262
4757		0.238322
4758		0.231073
4759		0.219298
4760		0.211323
4761		0.207793
4762		0.197897
4763		0.187218
4764		0.183831
4765		0.176736
4766		0.168029
4767		0.164232
4768		0.161968
4769		0.164209
4770		0.157523
4771		0.148908
4772		0.152404
4773		0.157022
4774		0.148669
4775		0.131991
4776		0.129742
4777		0.119765
4778		0.1112
4779		0.111184
4780		0.108322
4781		0.100027
4782		0.0991937
4783		0.0892361
4784		0.0820293
4785		0.0778665
4786		0.0704784
4787		0.0679012
4788		0.0636227
4789		0.0560417
4790		0.0516435
4791		0.0455787
4792		0.0411536
4793		0.0351698
4794		0.0331482
4795		0.0265316
4796		0.0234954
4797		0.0216242
4798		0.0191435
4799		0.0175617
4800		0.0163696
4801		0.0120216
4802		0.00906636
4803		0.0070679
4804		0.00524691
4805		0.00421296
4806		0.00404321
4807		0.00416667
4808		0.00489198
4809		0.00526235
4810		0.00533951
4811		0.00584877
4812		0.00532407
4813		0.00484568
4814		0.00569444
4815		0.00583333
4816		0.00603395
4817		0.0062037
4818		0.00513889
4819		0.00512346
4820		0.00493827
4821		0.00572531
4822		0.00523148
4823		0.00584877
4824		0.00643519
4825		0.00688272
4826		0.00712963
4827		0.00774691
4828		0.00725309
4829		0.00709877
4830		0.00780864
4831		0.00774691
4832		0.00692901
4833		0.00683642
4834		0.0130864
4835		0.0129321
4836		0.0131944
4837		0.0129475
4838		0.012963
4839		0.0132562
4840		0.0136883
4841		0.0135802
4842		0.0132716
4843		0.0138426
4844		0.0147068
4845		0.0149074
4846		0.0150617
4847		0.0147222
4848		0.0148765
4849		0.0154475
4850		0.0151389
4851		0.013696
4852		0.0143441
4853		0.0142978
4854		0.0144059
4855		0.0152469
4856		0.0148148
4857		0.015216
4858		0.0148765
4859		0.0113194
4860		0.0120988
4861		0.0119599
4862		0.0115123
4863		0.0118056
4864		0.0114506
4865		0.0108179
4866		0.0110031
4867		0.0100617
4868		0.0101852
4869		0.00972222
4870		0.0100463
4871		0.00993827
4872		0.00987654
4873		0.00910494
4874		0.00967593
4875		0.00959877
4876		0.0108179
4877		0.0106019
4878		0.0112809
4879		0.0113117
4880		0.011142
4881		0.0118673
4882		0.0116667
4883		0.0121759
4884		0.0141358
4885		0.0137654
4886		0.01375
4887		0.0140278
4888		0.0140741
4889		0.0143056
4890		0.0141975
4891		0.0153742
4892		0.015189
4893		0.0151466
4894		0.0142014
4895		0.0137963
4896		0.0142593
4897		0.0162269
4898		0.0170756
4899		0.0173225
4900		0.018125
4901		0.0194136
4902		0.0204089
4903		0.0207639
4904		0.0198457
4905		0.0204012
4906		0.0191975
4907		0.0175077
4908		0.0175463
4909		0.0149691
4910		0.0143287
4911		0.0112191
4912		0.00854938
4913		0.00936728
4914		0.00646605
4915		0.00631173
4916		0.00867284
4917		0.0147377
4918		0.0210185
4919		0.0252315
4920		0.0330093
4921		0.0354784
4922		0.0371296
4923		0.0395833
4924		0.0421605
4925		0.0428395
4926		0.0526235
4927		0.0621142
4928		0.0663889
4929		0.0770679
4930		0.0875154
4931		0.0928241
4932		0.0966821
4933		0.0950617
4934		0.0905247
4935		0.0954012
4936		0.0961574
4937		0.0973611
4938		0.0992438
4939		0.100772
4940		0.0997839
4941		0.102816
4942		0.105532
4943		0.103418
4944		0.105494
4945		0.105185
4946		0.10576
4947		0.107623
4948		0.107407
4949		0.106898
4950		0.110309
4951		0.109198
4952		0.107045
4953		0.101998
4954		0.102052
4955		0.100293
4956		0.100401
4957		0.0943441
4958		0.0950154
4959		0.0820293
4960		0.0878781
4961		0.0869907
4962		0.0804938
4963		0.0731481
4964		0.0750231
4965		0.0701543
4966		0.0662963
4967		0.0684645
4968		0.0651312
4969		0.0677662
4970		0.0621914
4971		0.0618557
4972		0.0528279
4973		0.0578549
4974		0.0580401
4975		0.0640201
4976		0.0633951
4977		0.0659491
4978		0.0610571
4979		0.062689
4980		0.0566975
4981		0.0543596
4982		0.0574498
4983		0.0574074
4984		0.0520139
4985		0.0484336
4986		0.0505247
4987		0.0513735
4988		0.0485957
4989		0.0509876
4990		0.0542901
4991		0.0533796
4992		0.052716
4993		0.0558179
4994		0.0551698
4995		0.0549228
4996		0.0609722
4997		0.0644444
4998		0.065463
4999		0.0692438
5000		0.0692245
5001		0.0705864
5002		0.0667284
5003		0.0667554
5004		0.0657562
5005		0.0686728
5006		0.0716127
5007		0.0757793
5008		0.0820293
5009		0.0672917
5010		0.062338
5011		0.0605131
5012		0.0582986
5013		0.057091
5014		0.0530941
5015		0.0476582
5016		0.0387461
5017		0.0374884
5018		0.0398573
5019		0.0435494
5020		0.0457407
5021		0.0450926
5022		0.0431906
5023		0.0367323
5024		0.0388503
5025		0.0362307
5026		0.0355054
5027		0.032963
5028		0.0309799
5029		0.0269059
5030		0.0255093
5031		0.0214275
5032		0.019375
5033		0.016983
5034		0.0162577
5035		0.0139815
5036		0.0139815
5037		0.0157562
5038		0.0160031
5039		0.0145525
5040		0.014321
5041		0.0153549
5042		0.0160185
5043		0.0160957
5044		0.0221759
5045		0.0221296
5046		0.0288657
5047		0.0335262
5048		0.0376698
5049		0.0449537
5050		0.0571142
5051		0.0664429
5052		0.0798534
5053		0.092284
5054		0.098534
5055		0.111235
5056		0.122677
5057		0.126647
5058		0.140131
5059		0.148603
5060		0.153503
5061		0.168241
5062		0.174591
5063		0.181397
5064		0.193897
5065		0.203549
5066		0.207091
5067		0.222785
5068		0.230463
5069		0.237292
5070		0.247245
5071		0.260895
5072		0.262218
5073		0.267809
5074		0.270907
5075		0.272855
5076		0.284336
5077		0.285046
5078		0.286574
5079		0.297068
5080		0.288526
5081		0.287407
5082		0.279421
5083		0.283557
5084		0.297191
5085		0.293372
5086		0.285779
5087		0.285772
5088		0.28071
5089		0.268002
5090		0.266771
5091		0.260606
5092		0.253491
5093		0.253071
5094		0.25304
5095		0.250401
5096		0.249352
5097		0.245054
5098		0.242585
5099		0.238746
5100		0.232674
5101		0.228086
5102		0.224313
5103		0.216574
5104		0.206952
5105		0.205231
5106		0.198981
5107		0.186458
5108		0.179232
5109		0.179282
5110		0.165471
5111		0.159491
5112		0.147315
5113		0.135625
5114		0.131609
5115		0.122118
5116		0.108511
5117		0.10338
5118		0.0939198
5119		0.0830324
5120		0.0800926
5121		0.070054
5122		0.0546605
5123		0.0493827
5124		0.0428858
5125		0.0358796
5126		0.0297531
5127		0.0231636
5128		0.020054
5129		0.0177315
5130		0.0137963
5131		0.008125
5132		0.00642747
5133		0.00529321
5134		0.00325617
5135		0.00279321
5136		0.00208333
5137		0.00208333
5138		0.00208333
5139		0.00208333
5140		0.00208333
5141		0.00207948
5142		0.00138503
5143		0.00207948
5144		0.00208333
5145		0.00208333
5146		0.00208333
5147		0.00138503
5148		0.00138889
5149		0.00208333
5150		0.00207562
5151		0.00138889
5152		0.00208333
5153		0.00208333
5154		0.00208333
5155		0.00138889
5156		0.00207562
5157		0.00138889
5158		0.00208333
5159		0.00305556
5160		0.00273148
5161		0.00273148
5162		0.00273148
5163		0.00199074
5164		0.0025463
5165		0.00185185
5166		0.00199074
5167		0.00199074
5168		0.00199074
5169		0.0012963
5170		0.00185185
5171		0.00296296
5172		0.00157407
5173		0.00157407
5174		0.00226852
5175		0.00226852
5176		0.00236111
5177		0.00236111
5178		0.00194444
5179		0.00194444
5180		0.00125
5181		0.00194444
5182		0.000555556
5183		0.00125
5184		0.00169753
5185		0.00100309
5186		0.00169753
5187		0.00239198
5188		0.00277006
5189		0.00276235
5190		0.00165895
5191		0.0023534
5192		0.00207562
5193		0.00138117
5194		0.00138117
5195		0.00138889
5196		0.000694444
5197		0.00138889
5198		0.000694444
5199		0
5200		0.000671296
5201		0.000671296
5202		0.000671296
5203		0.00130787
5204		0.000636574
5205		0
5206		0.00136188
5207		0.00129244
5208		0.00131944
5209		0.00135802
5210		0.000694444
5211		0.00124614
5212		0.00201389
5213		0.00201389
5214		0.00201389
5215		0.00201389
5216		0.00201389
5217		0.00201389
5218		0.00195988
5219		0.00195988
5220		0.00300154
5221		0.00263889
5222		0.00189043
5223		0.00258488
5224		0.00244599
5225		0.00180556
5226		0.00180556
5227		0.00180556
5228		0.0025
5229		0.0025
5230		0.00180556
5231		0.00138889
5232		0.00138889
5233		0.00138889
5234		0.00138889
5235		0.00208333
5236		0.00208333
5237		0.00208333
5238		0.00138889
5239		0.00236111
5240		0.00138889
5241		0.000694444
5242		0.000694444
5243		0.00138889
5244		0.00138889
5245		0.00111111
5246		0.00138889
5247		0.00111111
5248		0.00138889
5249		0.0025
5250		0.00137346
5251		0.0020679
5252		0.00138889
5253		0.00138889
5254		0.000416667
5255		0.00111111
5256		0
5257		0.00537037
5258		0.0125154
5259		0.016929
5260		0.0260764
5261		0.0326543
5262		0.0355864
5263		0.0405093
5264		0.0444753
5265		0.0455401
5266		0.0477469
5267		0.0513272
5268		0.0519599
5269		0.0538889
5270		0.0563889
5271		0.0564969
5272		0.0567438
5273		0.0565741
5274		0.0595486
5275		0.0602276
5276		0.0616358
5277		0.0586728
5278		0.059811
5279		0.0584684
5280		0.0581752
5281		0.0585147
5282		0.0589468
5283		0.0588426
5284		0.058287
5285		0.0629012
5286		0.0649846
5287		0.0651698
5288		0.0698688
5289		0.0722994
5290		0.0790895
5291		0.0848457
5292		0.089537
5293		0.0972531
5294		0.104028
5295		0.106157
5296		0.114028
5297		0.11608
5298		0.118935
5299		0.120756
5300		0.123441
5301		0.124846
5302		0.130556
5303		0.133349
5304		0.132701
5305		0.132531
5306		0.133256
5307		0.133164
5308		0.132438
5309		0.136497
5310		0.13534
5311		0.133519
5312		0.137577
5313		0.138256
5314		0.137978
5315		0.138056
5316		0.13858
5317		0.134614
5318		0.135818
5319		0.136574
5320		0.137839
5321		0.130031
5322		0.129028
5323		0.130231
5324		0.131188
5325		0.129275
5326		0.12963
5327		0.128457
5328		0.130432
5329		0.131512
5330		0.130679
5331		0.12909
5332		0.129383
5333		0.1325
5334		0.132454
5335		0.133808
5336		0.135432
5337		0.135787
5338		0.140799
5339		0.142994
5340		0.145401
5341		0.14662
5342		0.146451
5343		0.144722
5344		0.147022
5345		0.138472
5346		0.14108
5347		0.148503
5348		0.149151
5349		0.145401
5350		0.146231
5351		0.153221
5352		0.158071
5353		0.163302
5354		0.165293
5355		0.166867
5356		0.173102
5357		0.176127
5358		0.179502
5359		0.184753
5360		0.192515
5361		0.192315
5362		0.196636
5363		0.197596
5364		0.200096
5365		0.199992
5366		0.202377
5367		0.201821
5368		0.20385
5369		0.200309
5370		0.190563
5371		0.192731
5372		0.191404
5373		0.195934
5374		0.200401
5375		0.203164
5376		0.207407
5377		0.207145
5378		0.209016
5379		0.206373
5380		0.203248
5381		0.206512
5382		0.207647
5383		0.206798
5384		0.210833
5385		0.215355
5386		0.220463
5387		0.228711
5388		0.228495
5389		0.23338
5390		0.237654
5391		0.23689
5392		0.244437
5393		0.244475
5394		0.2414
5395		0.249167
5396		0.247292
5397		0.24081
5398		0.244869
5399		0.241327
5400		0.238657
5401		0.234352
5402		0.225694
5403		0.227623
5404		0.226952
5405		0.225907
5406		0.229923
5407		0.228368
5408		0.228349
5409		0.227284
5410		0.225926
5411		0.227562
5412		0.229749
5413		0.229896
5414		0.225694
5415		0.228673
5416		0.233102
5417		0.233364
5418		0.234769
5419		0.240201
5420		0.21412
5421		0.216327
5422		0.218256
5423		0.22571
5424		0.226466
5425		0.231127
5426		0.229923
5427		0.229907
5428		0.238117
5429		0.242994
5430		0.246651
5431		0.252654
5432		0.265077
5433		0.271204
5434		0.278349
5435		0.284769
5436		0.286312
5437		0.291898
5438		0.298187
5439		0.302338
5440		0.311165
5441		0.317477
5442		0.320502
5443		0.330667
5444		0.334479
5445		0.34076
5446		0.344263
5447		0.355363
5448		0.353086
5449		0.354946
5450		0.359915
5451		0.357716
5452		0.356327
5453		0.355285
5454		0.357685
5455		0.360247
5456		0.357627
5457		0.356115
5458		0.357411
5459		0.361281
5460		0.360494
5461		0.361146
5462		0.358881
5463		0.358827
5464		0.35407
5465		0.353391
5466		0.352531
5467		0.347469
5468		0.349923
5469		0.348704
5470		0.371327
5471		0.369279
5472		0.369128
5473		0.36728
5474		0.369537
5475		0.36659
5476		0.36865
5477		0.367037
5478		0.369738
5479		0.375725
5480		0.380845
5481		0.381617
5482		0.391165
5483		0.401412
5484		0.403665
5485		0.412662
5486		0.415494
5487		0.414869
5488		0.422786
5489		0.431134
5490		0.431898
5491		0.434421
5492		0.441011
5493		0.442515
5494		0.443958
5495		0.434336
5496		0.433565
5497		0.434151
5498		0.438187
5499		0.441289
5500		0.440579
5501		0.436644
5502		0.439645
5503		0.442369
5504		0.444765
5505		0.445293
5506		0.447569
5507		0.448063
5508		0.448742
5509		0.450085
5510		0.45419
5511		0.455621
5512		0.456547
5513		0.454032
5514		0.456319
5515		0.455579
5516		0.45635
5517		0.455714
5518		0.455374
5519		0.456208
5520		0.471975
5521		0.471273
5522		0.474745
5523		0.474132
5524		0.477168
5525		0.483403
5526		0.482488
5527		0.484564
5528		0.49081
5529		0.492122
5530		0.497384
5531		0.501134
5532		0.503519
5533		0.508295
5534		0.511235
5535		0.515864
5536		0.522631
5537		0.523673
5538		0.525305
5539		0.529471
5540		0.532909
5541		0.537847
5542		0.538002
5543		0.541427
5544		0.539853
5545		0.536231
5546		0.540093
5547		0.538673
5548		0.539495
5549		0.541516
5550		0.541389
5551		0.540667
5552		0.545158
5553		0.544931
5554		0.549039
5555		0.552037
5556		0.551983
5557		0.55561
5558		0.559144
5559		0.557604
5560		0.556771
5561		0.555745
5562		0.555941
5563		0.561647
5564		0.569147
5565		0.57125
5566		0.572882
5567		0.574394
5568		0.580239
5569		0.581798
5570		0.575174
5571		0.575965
5572		0.577635
5573		0.58566
5574		0.587724
5575		0.591971
5576		0.589726
5577		0.589915
5578		0.592396
5579		0.597025
5580		0.601678
5581		0.6011
5582		0.602384
5583		0.602894
5584		0.605486
5585		0.606987
5586		0.61083
5587		0.612832
5588		0.614622
5589		0.615297
5590		0.611458
5591		0.6161
5592		0.614873
5593		0.617496
5594		0.614105
5595		0.608966
5596		0.609514
5597		0.611813
5598		0.609201
5599		0.606929
5600		0.609834
5601		0.610972
5602		0.614032
5603		0.609988
5604		0.614487
5605		0.616165
5606		0.619985
5607		0.618646
5608		0.622762
5609		0.626597
5610		0.625475
5611		0.624765
5612		0.627342
5613		0.62782
5614		0.626181
5615		0.626057
5616		0.6275
5617		0.629518
5618		0.629826
5619		0.631389
5620		0.628723
5621		0.628746
5622		0.628129
5623		0.629664
5624		0.625421
5625		0.630204
5626		0.631412
5627		0.630752
5628		0.634807
5629		0.634167
5630		0.63811
5631		0.634687
5632		0.638113
5633		0.636632
5634		0.637512
5635		0.636196
5636		0.636072
5637		0.638711
5638		0.640104
5639		0.639471
5640		0.638708
5641		0.639495
5642		0.637793
5643		0.64039
5644		0.640992
5645		0.674661
5646		0.677153
5647		0.676748
5648		0.677311
5649		0.675617
5650		0.675093
5651		0.674406
5652		0.674279
5653		0.672311
5654		0.673341
5655		0.673789
5656		0.674336
5657		0.671343
5658		0.674884
5659		0.672762
5660		0.671875
5661		0.672207
5662		0.673156
5663		0.673951
5664		0.675131
5665		0.675802
5666		0.678264
5667		0.676319
5668		0.677569
5669		0.676042
5670		0.669684
5671		0.668156
5672		0.670841
5673		0.671319
5674		0.674128
5675		0.676651
5676		0.673225
5677		0.670841
5678		0.673781
5679		0.671312
5680		0.676327
5681		0.675579
5682		0.676767
5683		0.674136
5684		0.676802
5685		0.679707
5686		0.677654
5687		0.678453
5688		0.675251
5689		0.676971
5690		0.682566
5691		0.680031
5692		0.678067
5693		0.676991
5694		0.682612
5695		0.670934
5696		0.671524
5697		0.672083
5698		0.66907
5699		0.671825
5700		0.67272
5701		0.674232
5702		0.680991
5703		0.681794
5704		0.686435
5705		0.69157
5706		0.695112
5707		0.694306
5708		0.69664
5709		0.698989
5710		0.699942
5711		0.720139
5712		0.724198
5713		0.725351
5714		0.731142
5715		0.729796
5716		0.73343
5717		0.73738
5718		0.739618
5719		0.739888
5720		0.76613
5721		0.767211
5722		0.768835
5723		0.767982
5724		0.761393
5725		0.768152
5726		0.76559
5727		0.765714
5728		0.769128
5729		0.766578
5730		0.768071
5731		0.77081
5732		0.775039
5733		0.776238
5734		0.775235
5735		0.77777
5736		0.775617
5737		0.77968
