1		0.0761265
2		0.079838
3		0.0837423
4		0.0912732
5		0.0946952
6		0.095571
7		0.10358
8		0.10061
9		0.100752
10		0.103962
11		0.104653
12		0.106381
13		0.107052
14		0.109722
15		0.108981
16		0.109506
17		0.107731
18		0.110818
19		0.114699
20		0.11473
21		0.11686
22		0.118819
23		0.12115
24		0.126196
25		0.12358
26		0.126385
27		0.130748
28		0.129506
29		0.131481
30		0.133981
31		0.132963
32		0.136543
33		0.13767
34		0.136319
35		0.136937
36		0.137076
37		0.138295
38		0.142076
39		0.139796
40		0.140347
41		0.14164
42		0.142141
43		0.142029
44		0.14289
45		0.1412
46		0.145066
47		0.14125
48		0.135193
49		0.142762
50		0.144707
51		0.148005
52		0.149097
53		0.153931
54		0.153133
55		0.154498
56		0.159259
57		0.160347
58		0.164144
59		0.165617
60		0.166127
61		0.168727
62		0.166134
63		0.165934
64		0.16652
65		0.1649
66		0.16615
67		0.162269
68		0.161701
69		0.163881
70		0.164576
71		0.164267
72		0.165039
73		0.164977
74		0.170656
75		0.169082
76		0.170903
77		0.169992
78		0.174911
79		0.174606
80		0.176844
81		0.177828
82		0.179792
83		0.186254
84		0.187909
85		0.190529
86		0.197396
87		0.199417
88		0.204417
89		0.211844
90		0.212936
91		0.217369
92		0.217581
93		0.220513
94		0.21885
95		0.215486
96		0.2163
97		0.221061
98		0.220787
99		0.21912
100		0.22108
101		0.215239
102		0.214954
103		0.21466
104		0.212704
105		0.213067
106		0.209444
107		0.21424
108		0.211535
109		0.216053
110		0.219923
111		0.224406
112		0.225752
113		0.228237
114		0.231173
115		0.233796
116		0.238958
117		0.239317
118		0.241431
119		0.242982
120		0.242365
121		0.247531
122		0.243499
123		0.245174
124		0.248912
125		0.248839
126		0.248546
127		0.245444
128		0.250035
129		0.251069
130		0.253283
131		0.255039
132		0.255235
133		0.253368
134		0.252874
135		0.254981
136		0.257658
137		0.260613
138		0.260451
139		0.260224
140		0.262496
141		0.262523
142		0.260158
143		0.260467
144		0.262307
145		0.251103
146		0.254201
147		0.256076
148		0.255463
149		0.252793
150		0.254167
151		0.254934
152		0.253102
153		0.256339
154		0.252461
155		0.254753
156		0.254036
157		0.250964
158		0.248102
159		0.246998
160		0.248137
161		0.246952
162		0.245571
163		0.24662
164		0.246674
165		0.244429
166		0.243974
167		0.245903
168		0.244776
169		0.241088
170		0.24561
171		0.242415
172		0.241767
173		0.239221
174		0.240594
175		0.237894
176		0.240062
177		0.237006
178		0.237446
179		0.236566
180		0.238241
181		0.238881
182		0.235779
183		0.239186
184		0.235235
185		0.235135
186		0.234549
187		0.234217
188		0.234248
189		0.234363
190		0.234907
191		0.236852
192		0.236767
193		0.23419
194		0.235193
195		0.242415
196		0.242855
197		0.242299
198		0.245247
199		0.244182
200		0.243966
201		0.243735
202		0.243148
203		0.240895
204		0.243179
205		0.24071
206		0.243148
207		0.240432
208		0.241034
209		0.239722
210		0.240116
211		0.239977
212		0.242612
213		0.240451
214		0.241223
215		0.241331
216		0.241343
217		0.24125
218		0.241667
219		0.24233
220		0.232454
221		0.232265
222		0.232824
223		0.232446
224		0.235621
225		0.234286
226		0.234738
227		0.238079
228		0.236775
229		0.235818
230		0.236898
231		0.23679
232		0.236273
233		0.2375
234		0.23679
235		0.232998
236		0.235112
237		0.234711
238		0.233681
239		0.232442
240		0.232539
241		0.230139
242		0.232006
243		0.230432
244		0.231914
245		0.2337
246		0.233592
247		0.233893
248		0.232813
249		0.234402
250		0.234043
251		0.233383
252		0.234124
253		0.232901
254		0.23213
255		0.233295
256		0.23299
257		0.233314
258		0.23103
259		0.230517
260		0.231674
261		0.231968
262		0.229336
263		0.231535
264		0.230965
265		0.229437
266		0.229915
267		0.230355
268		0.231258
269		0.231613
270		0.227975
271		0.227272
272		0.229294
273		0.227473
274		0.230883
275		0.233059
276		0.234379
277		0.237404
278		0.239618
279		0.240775
280		0.24289
281		0.24363
282		0.244788
283		0.246964
284		0.251076
285		0.250899
286		0.254279
287		0.251952
288		0.2526
289		0.248171
290		0.248804
291		0.245563
292		0.247986
293		0.245231
294		0.245031
295		0.238565
296		0.237242
297		0.236424
298		0.237585
299		0.237384
300		0.235208
301		0.236289
302		0.235177
303		0.235949
304		0.233619
305		0.232106
306		0.233063
307		0.232778
308		0.230802
309		0.23213
310		0.232778
311		0.232593
312		0.233488
313		0.2325
314		0.233256
315		0.233951
316		0.233148
317		0.231728
318		0.230293
319		0.228843
320		0.234691
321		0.233488
322		0.233488
323		0.23463
324		0.233727
325		0.234221
326		0.232971
327		0.234722
328		0.23483
329		0.235494
330		0.234344
331		0.234117
332		0.234749
333		0.23265
334		0.23316
335		0.234842
336		0.233738
337		0.231964
338		0.234217
339		0.232338
340		0.236073
341		0.237894
342		0.238588
343		0.240147
344		0.241736
345		0.234313
346		0.236674
347		0.241242
348		0.240903
349		0.240795
350		0.239529
351		0.240208
352		0.239221
353		0.23919
354		0.239529
355		0.238727
356		0.240887
357		0.24137
358		0.241227
359		0.241227
360		0.241535
361		0.242963
362		0.240802
363		0.241944
364		0.243549
365		0.243268
366		0.243306
367		0.241551
368		0.241809
369		0.24211
370		0.240633
371		0.240324
372		0.240941
373		0.242361
374		0.242716
375		0.242531
376		0.242022
377		0.242998
378		0.242392
379		0.242176
380		0.242886
381		0.242083
382		0.245667
383		0.245945
384		0.247284
385		0.248997
386		0.249182
387		0.252569
388		0.254306
389		0.25588
390		0.255471
391		0.255185
392		0.255602
393		0.256543
394		0.258426
395		0.253881
396		0.253248
397		0.256366
398		0.256628
399		0.256335
400		0.254591
401		0.25365
402		0.257924
403		0.261026
404		0.265432
405		0.268098
406		0.273534
407		0.276358
408		0.285563
409		0.288187
410		0.295
411		0.30091
412		0.30713
413		0.312245
414		0.317296
415		0.320656
416		0.326512
417		0.328206
418		0.335023
419		0.33836
420		0.341049
421		0.346489
422		0.35272
423		0.354464
424		0.360721
425		0.367955
426		0.370999
427		0.376713
428		0.381134
429		0.385085
430		0.387523
431		0.394225
432		0.397662
433		0.403194
434		0.406265
435		0.409259
436		0.408453
437		0.413194
438		0.415918
439		0.417963
440		0.417446
441		0.41669
442		0.420239
443		0.423252
444		0.42527
445		0.418495
446		0.416775
447		0.421559
448		0.423927
449		0.424618
450		0.425748
451		0.426956
452		0.431524
453		0.432134
454		0.435177
455		0.434545
456		0.437407
457		0.439537
458		0.442704
459		0.443383
460		0.441647
461		0.441427
462		0.445212
463		0.447442
464		0.448831
465		0.448083
466		0.445058
467		0.445675
468		0.445486
469		0.450181
470		0.457554
471		0.454857
472		0.457222
473		0.458441
474		0.45924
475		0.461917
476		0.462103
477		0.458519
478		0.461188
479		0.460895
480		0.459869
481		0.463831
482		0.464441
483		0.461879
484		0.46505
485		0.464641
486		0.464059
487		0.463252
488		0.463032
489		0.463445
490		0.461786
491		0.461435
492		0.461142
493		0.461474
494		0.465494
495		0.46338
496		0.46603
497		0.468982
498		0.4687
499		0.473283
500		0.477195
501		0.47652
502		0.481613
503		0.484838
504		0.486597
505		0.49331
506		0.499344
507		0.5024
508		0.507199
509		0.509961
510		0.510718
511		0.51635
512		0.518272
513		0.521165
514		0.521443
515		0.521196
516		0.521551
517		0.523202
518		0.52706
519		0.52561
520		0.532627
521		0.535096
522		0.539742
523		0.537477
524		0.540374
525		0.540694
526		0.540177
527		0.540297
528		0.544637
529		0.542747
530		0.544587
531		0.543912
532		0.546084
533		0.542018
534		0.54407
535		0.542909
536		0.541242
537		0.541941
538		0.542921
539		0.542731
540		0.543758
541		0.540764
542		0.546782
543		0.548727
544		0.548449
545		0.520826
546		0.524066
547		0.524676
548		0.526987
549		0.526339
550		0.52412
551		0.525741
552		0.527616
553		0.528735
554		0.528291
555		0.527025
556		0.526146
557		0.52664
558		0.527813
559		0.522535
560		0.522928
561		0.527307
562		0.526971
563		0.524468
564		0.522195
565		0.524271
566		0.523592
567		0.525698
568		0.522504
569		0.525054
570		0.526238
571		0.529016
572		0.53238
573		0.5336
574		0.535991
575		0.536979
576		0.540475
577		0.538603
578		0.540355
579		0.546736
580		0.550988
581		0.55142
582		0.550185
583		0.553673
584		0.55277
585		0.554097
586		0.55603
587		0.556755
588		0.558954
589		0.561026
590		0.561728
591		0.562442
592		0.559587
593		0.561759
594		0.563488
595		0.551157
596		0.551933
597		0.55223
598		0.556181
599		0.558021
600		0.56113
601		0.561231
602		0.56233
603		0.563573
604		0.562882
605		0.567666
606		0.566887
607		0.568414
608		0.574128
609		0.573511
610		0.574506
611		0.57966
612		0.580849
613		0.583403
614		0.590509
615		0.593356
616		0.592766
617		0.59647
618		0.596956
619		0.600667
620		0.598106
621		0.599371
622		0.603005
623		0.606728
624		0.606856
625		0.607242
626		0.609919
627		0.609425
628		0.609101
629		0.609988
630		0.609417
631		0.611779
632		0.615035
633		0.617103
634		0.613611
635		0.616169
636		0.618326
637		0.614661
638		0.614321
639		0.613904
640		0.614186
641		0.612353
642		0.612739
643		0.615131
644		0.615347
645		0.62689
646		0.628187
647		0.628256
648		0.628356
649		0.632338
650		0.632612
651		0.630837
652		0.631871
653		0.632581
654		0.634225
655		0.636354
656		0.637373
657		0.63686
658		0.637724
659		0.636601
660		0.636154
661		0.638993
662		0.638623
663		0.64083
664		0.638654
665		0.641447
666		0.639919
667		0.641015
668		0.641447
669		0.643592
670		0.623792
671		0.624244
672		0.62375
673		0.628148
674		0.630953
675		0.630571
676		0.629255
677		0.632859
678		0.633576
679		0.63272
680		0.63409
681		0.637245
682		0.634958
683		0.639684
684		0.641709
685		0.641123
686		0.641559
687		0.642936
688		0.641196
689		0.642133
690		0.641682
691		0.638534
692		0.641921
693		0.642558
694		0.643453
695		0.628395
696		0.627666
697		0.630401
698		0.634468
699		0.632909
700		0.631674
701		0.634109
702		0.632465
703		0.634005
704		0.634873
705		0.635019
706		0.634826
707		0.635204
708		0.63512
709		0.638596
710		0.636813
711		0.637924
712		0.641138
713		0.63951
714		0.639514
715		0.640278
716		0.6426
717		0.643418
718		0.642442
719		0.644279
720		0.636883
721		0.638982
722		0.640448
723		0.641358
724		0.641204
725		0.642191
726		0.643565
727		0.646127
728		0.645841
729		0.643403
730		0.64625
731		0.645617
732		0.64662
733		0.644279
734		0.646146
735		0.645876
736		0.646107
737		0.647342
738		0.647921
739		0.645938
740		0.647388
741		0.645945
742		0.64924
743		0.648777
744		0.650945
745		0.62745
746		0.631235
747		0.630637
748		0.634163
749		0.630282
750		0.63316
751		0.61635
752		0.620189
753		0.622095
754		0.62206
755		0.622488
756		0.620394
757		0.625316
758		0.626327
759		0.62439
760		0.625224
761		0.628426
762		0.628634
763		0.628981
764		0.629313
765		0.629591
766		0.62988
767		0.63211
768		0.629934
769		0.628808
770		0.64238
771		0.642967
772		0.643021
773		0.641308
774		0.64
775		0.642886
776		0.644279
777		0.648206
778		0.651049
779		0.65086
780		0.647901
781		0.649919
782		0.654892
783		0.653792
784		0.654641
785		0.652296
786		0.65353
787		0.65365
788		0.655154
789		0.653808
790		0.658329
791		0.665613
792		0.667751
793		0.669514
794		0.671763
795		0.632446
796		0.631273
797		0.63485
798		0.639248
799		0.639703
800		0.646782
801		0.651026
802		0.650505
803		0.650305
804		0.647562
805		0.652839
806		0.652276
807		0.654456
808		0.658619
809		0.656022
810		0.655957
811		0.658603
812		0.658758
813		0.662299
814		0.663098
815		0.66206
816		0.659703
817		0.663789
818		0.66321
819		0.666011
820		0.658245
821		0.658708
822		0.6575
823		0.659043
824		0.661308
825		0.661096
826		0.659969
827		0.663827
828		0.663426
829		0.663194
830		0.665282
831		0.668843
832		0.668781
833		0.667168
834		0.671543
835		0.67159
836		0.670895
837		0.674066
838		0.674174
839		0.674622
840		0.676134
841		0.675729
842		0.677542
843		0.67978
844		0.679765
845		0.676447
846		0.672812
847		0.673414
848		0.679718
849		0.671161
850		0.678476
851		0.680174
852		0.680775
853		0.676832
854		0.680397
855		0.678314
856		0.6824
857		0.678777
858		0.681115
859		0.681269
860		0.681084
861		0.683889
862		0.683318
863		0.68211
864		0.682064
865		0.686053
866		0.683245
867		0.686817
868		0.686616
869		0.685498
870		0.667778
871		0.667793
872		0.666258
873		0.669398
874		0.67191
875		0.671308
876		0.667967
877		0.670613
878		0.671624
879		0.671979
880		0.656512
881		0.655876
882		0.655289
883		0.655004
884		0.657477
885		0.658862
886		0.659016
887		0.659919
888		0.662218
889		0.662805
890		0.664294
891		0.663677
892		0.665312
893		0.662812
894		0.662901
895		0.664861
896		0.665046
897		0.66713
898		0.668534
899		0.66804
900		0.668086
901		0.668827
902		0.669904
903		0.671377
904		0.673422
905		0.683457
906		0.683264
907		0.684348
908		0.685216
909		0.683565
910		0.682604
911		0.682384
912		0.685096
913		0.685324
914		0.684491
915		0.68527
916		0.684626
917		0.683044
918		0.683326
919		0.681752
920		0.679348
921		0.68299
922		0.684703
923		0.685814
924		0.684857
925		0.685178
926		0.685849
927		0.687211
928		0.687465
929		0.689024
930		0.665096
931		0.662944
932		0.66262
933		0.668106
934		0.666925
935		0.669495
936		0.670741
937		0.673792
938		0.676832
939		0.676061
940		0.677836
941		0.679583
942		0.680212
943		0.681694
944		0.680397
945		0.679583
946		0.680513
947		0.680066
948		0.679525
949		0.681705
950		0.680382
951		0.676408
952		0.68005
953		0.677095
954		0.676038
955		0.672022
956		0.673229
957		0.673221
958		0.672697
959		0.678688
960		0.675374
961		0.673245
962		0.679232
963		0.679622
964		0.677539
965		0.679799
966		0.677708
967		0.680872
968		0.680613
969		0.680648
970		0.679591
971		0.682543
972		0.682488
973		0.682323
974		0.68468
975		0.684726
976		0.685193
977		0.688441
978		0.686277
979		0.687411
980		0.678322
981		0.679745
982		0.682025
983		0.68392
984		0.682446
985		0.686246
986		0.683746
987		0.681817
988		0.679977
989		0.68365
990		0.687674
991		0.685598
992		0.685046
993		0.686551
994		0.692103
995		0.69135
996		0.69213
997		0.693677
998		0.694495
999		0.692967
1000		0.694954
1001		0.671968
1002		0.672743
1003		0.671624
1004		0.672133
1005		0.670448
1006		0.668723
1007		0.669279
1008		0.670525
1009		0.672944
1010		0.675012
1011		0.666802
1012		0.665764
1013		0.666559
1014		0.666007
1015		0.667458
1016		0.666304
1017		0.667612
1018		0.669325
1019		0.669815
1020		0.669576
1021		0.671914
1022		0.670363
1023		0.67071
1024		0.671451
1025		0.673654
1026		0.673657
1027		0.671042
1028		0.670972
1029		0.672805
1030		0.670945
1031		0.672828
1032		0.67336
1033		0.674645
1034		0.675197
1035		0.67561
1036		0.671964
1037		0.66887
1038		0.672315
1039		0.673927
1040		0.675899
1041		0.67664
1042		0.676883
1043		0.676721
1044		0.673858
1045		0.674622
1046		0.676385
1047		0.677832
1048		0.677855
1049		0.679321
1050		0.680008
1051		0.681042
1052		0.683206
1053		0.680648
1054		0.68419
1055		0.683125
1056		0.682643
1057		0.680571
1058		0.681759
1059		0.68044
1060		0.680139
1061		0.675313
1062		0.673769
1063		0.67441
1064		0.672928
1065		0.672434
1066		0.674965
1067		0.6737
1068		0.675922
1069		0.674518
1070		0.673422
1071		0.67723
1072		0.674572
1073		0.675513
1074		0.677392
1075		0.681281
1076		0.678607
1077		0.682041
1078		0.682434
1079		0.682967
1080		0.685343
1081		0.6863
1082		0.6863
1083		0.687689
1084		0.686856
1085		0.689865
1086		0.67559
1087		0.674992
1088		0.677184
1089		0.675509
1090		0.676628
1091		0.678098
1092		0.675428
1093		0.681547
1094		0.677427
1095		0.677496
1096		0.677473
1097		0.678202
1098		0.680008
1099		0.67691
1100		0.677797
1101		0.674375
1102		0.678657
1103		0.675783
1104		0.680903
1105		0.679209
1106		0.679649
1107		0.680035
1108		0.678812
1109		0.678843
1110		0.678102
1111		0.673839
1112		0.672577
1113		0.674263
1114		0.676485
1115		0.679302
1116		0.675961
1117		0.676782
1118		0.678245
1119		0.675027
1120		0.678125
1121		0.678364
1122		0.678777
1123		0.68083
1124		0.677191
1125		0.681057
1126		0.679788
1127		0.681682
1128		0.679028
1129		0.678252
1130		0.678295
1131		0.684078
1132		0.680112
1133		0.681886
1134		0.67836
1135		0.680756
1136		0.666613
1137		0.668129
1138		0.665945
1139		0.666215
1140		0.67142
1141		0.668009
1142		0.668681
1143		0.66765
1144		0.66615
1145		0.6663
1146		0.668017
1147		0.67032
1148		0.669282
1149		0.671227
1150		0.672527
1151		0.673318
1152		0.675386
1153		0.674915
1154		0.673515
1155		0.669167
1156		0.672677
1157		0.673796
1158		0.67142
1159		0.673538
1160		0.673812
1161		0.684842
1162		0.680552
1163		0.681933
1164		0.685019
1165		0.681532
1166		0.681817
1167		0.683877
1168		0.676991
1169		0.682083
1170		0.680957
1171		0.681397
1172		0.688125
1173		0.681968
1174		0.678569
1175		0.680926
1176		0.680575
1177		0.683488
1178		0.68397
1179		0.681547
1180		0.687245
1181		0.686917
1182		0.687265
1183		0.686161
1184		0.69015
1185		0.686065
1186		0.680019
1187		0.679271
1188		0.679934
1189		0.681879
1190		0.681748
1191		0.681717
1192		0.676501
1193		0.677569
1194		0.680895
1195		0.681435
1196		0.676917
1197		0.681408
1198		0.685201
1199		0.68321
1200		0.682249
1201		0.682874
1202		0.683738
1203		0.682674
1204		0.683808
1205		0.686628
1206		0.683206
1207		0.684788
1208		0.68488
1209		0.685251
1210		0.685143
1211		0.676003
1212		0.674267
1213		0.675563
1214		0.672843
1215		0.676042
1216		0.674946
1217		0.675093
1218		0.675644
1219		0.680544
1220		0.67848
1221		0.678495
1222		0.681181
1223		0.682241
1224		0.680752
1225		0.684718
1226		0.683862
1227		0.683873
1228		0.680795
1229		0.684479
1230		0.688376
1231		0.689336
1232		0.687404
1233		0.686404
1234		0.685089
1235		0.684726
1236		0.689714
1237		0.689398
1238		0.687365
1239		0.693534
1240		0.689985
1241		0.689707
1242		0.690737
1243		0.693673
1244		0.693981
1245		0.694159
1246		0.689857
1247		0.691759
1248		0.692839
1249		0.692361
1250		0.69152
1251		0.683765
1252		0.683638
1253		0.686389
1254		0.682257
1255		0.687666
1256		0.685621
1257		0.690228
1258		0.693183
1259		0.692658
1260		0.693607
1261		0.675401
1262		0.677261
1263		0.678673
1264		0.680309
1265		0.682265
1266		0.679248
1267		0.681242
1268		0.677195
1269		0.682157
1270		0.682539
1271		0.686802
1272		0.685366
1273		0.684784
1274		0.688279
1275		0.684749
1276		0.683117
1277		0.686489
1278		0.684873
1279		0.683357
1280		0.681161
1281		0.679583
1282		0.678337
1283		0.676042
1284		0.679302
1285		0.677924
1286		0.683765
1287		0.685297
1288		0.686053
1289		0.689907
1290		0.690066
1291		0.693472
1292		0.693179
1293		0.689892
1294		0.692612
1295		0.693302
1296		0.693804
1297		0.694703
1298		0.68995
1299		0.687095
1300		0.688719
1301		0.688985
1302		0.688399
1303		0.691836
1304		0.693025
1305		0.6876
1306		0.686752
1307		0.686231
1308		0.686713
1309		0.688387
1310		0.686292
1311		0.661404
1312		0.662103
1313		0.661717
1314		0.66512
1315		0.665089
1316		0.663719
1317		0.665841
1318		0.668596
1319		0.6701
1320		0.673144
1321		0.672735
1322		0.672836
1323		0.670637
1324		0.668349
1325		0.669572
1326		0.6739
1327		0.670147
1328		0.67642
1329		0.672612
1330		0.671968
1331		0.674823
1332		0.674252
1333		0.6763
1334		0.674151
1335		0.673422
1336		0.666987
1337		0.67064
1338		0.669325
1339		0.669915
1340		0.670104
1341		0.671617
1342		0.668831
1343		0.669842
1344		0.66914
1345		0.670019
1346		0.669294
1347		0.670556
1348		0.671902
1349		0.672527
1350		0.674356
1351		0.671508
1352		0.674441
1353		0.672288
1354		0.675305
1355		0.676327
1356		0.676443
1357		0.674776
1358		0.675428
1359		0.674838
1360		0.674452
1361		0.663036
1362		0.661802
1363		0.664923
1364		0.668457
1365		0.669614
1366		0.670293
1367		0.666825
1368		0.667731
1369		0.670154
1370		0.671238
1371		0.671505
1372		0.667593
1373		0.667577
1374		0.667218
1375		0.66919
1376		0.66924
1377		0.670949
1378		0.673623
1379		0.672257
1380		0.671115
1381		0.671196
1382		0.670988
1383		0.670166
1384		0.671331
1385		0.672114
1386		0.672126
1387		0.673657
1388		0.677357
1389		0.677404
1390		0.6764
1391		0.680656
1392		0.678484
1393		0.680012
1394		0.679178
1395		0.682936
1396		0.683449
1397		0.683943
1398		0.684711
1399		0.684884
1400		0.682396
1401		0.684911
1402		0.686073
1403		0.685394
1404		0.684309
1405		0.685154
1406		0.682867
1407		0.682894
1408		0.68473
1409		0.686281
1410		0.685829
1411		0.673167
1412		0.674664
1413		0.677083
1414		0.67782
1415		0.677658
1416		0.675062
1417		0.678187
1418		0.681474
1419		0.680772
1420		0.681022
1421		0.680513
1422		0.68174
1423		0.681481
1424		0.684078
1425		0.686346
1426		0.6875
1427		0.689738
1428		0.688719
1429		0.691744
1430		0.694414
1431		0.695868
1432		0.696532
1433		0.698264
1434		0.700779
1435		0.704128
1436		0.70593
1437		0.703241
1438		0.707218
1439		0.707037
1440		0.708789
1441		0.712384
1442		0.713673
1443		0.718198
1444		0.720374
1445		0.720486
1446		0.725158
1447		0.727554
1448		0.726512
1449		0.72978
1450		0.730552
1451		0.734641
1452		0.737434
1453		0.741508
1454		0.742199
1455		0.74941
1456		0.750617
1457		0.753503
1458		0.757215
1459		0.758279
1460		0.759421
1461		0.725633
1462		0.730571
1463		0.730498
1464		0.726952
1465		0.725949
1466		0.725085
1467		0.733214
1468		0.731512
1469		0.733295
1470		0.735015
1471		0.734082
1472		0.739089
1473		0.742064
1474		0.7439
1475		0.743303
1476		0.744174
1477		0.743071
1478		0.749495
1479		0.750741
1480		0.750926
1481		0.754973
1482		0.751674
1483		0.755131
1484		0.761146
1485		0.761651
1486		0.758422
1487		0.759919
1488		0.759715
1489		0.76061
1490		0.760791
1491		0.763329
1492		0.760239
1493		0.758669
1494		0.762002
1495		0.763032
1496		0.759603
1497		0.760694
1498		0.764325
1499		0.756651
1500		0.747847
1501		0.711647
1502		0.716489
1503		0.706659
1504		0.713187
1505		0.719317
1506		0.718187
1507		0.719228
1508		0.723426
1509		0.718171
1510		0.718661
1511		0.728468
1512		0.724047
1513		0.727253
1514		0.726535
1515		0.730953
1516		0.704228
1517		0.694907
1518		0.685691
1519		0.686898
1520		0.683056
1521		0.670949
1522		0.656146
1523		0.658376
1524		0.64782
1525		0.651115
1526		0.650154
1527		0.6389
1528		0.645042
1529		0.643904
1530		0.641123
1531		0.635529
1532		0.632751
1533		0.633607
1534		0.626323
1535		0.631535
1536		0.623916
1537		0.632755
1538		0.635679
1539		0.627515
1540		0.629988
1541		0.633943
1542		0.627276
1543		0.618457
1544		0.625594
1545		0.622786
1546		0.620799
1547		0.623935
1548		0.617133
1549		0.614911
1550		0.600266
1551		0.596914
1552		0.594371
1553		0.594178
1554		0.587207
1555		0.580629
1556		0.586181
1557		0.58287
1558		0.582704
1559		0.580756
1560		0.576813
1561		0.554186
1562		0.55544
1563		0.557049
1564		0.558576
1565		0.562025
1566		0.560679
1567		0.561551
1568		0.561404
1569		0.562215
1570		0.565243
1571		0.563665
1572		0.566524
1573		0.569761
1574		0.573792
1575		0.576593
1576		0.583256
1577		0.58745
1578		0.588009
1579		0.588337
1580		0.590201
1581		0.589105
1582		0.591208
1583		0.591435
1584		0.588542
1585		0.586555
1586		0.570382
1587		0.56689
1588		0.566478
1589		0.578754
1590		0.572238
1591		0.579205
1592		0.577843
1593		0.581505
1594		0.581235
1595		0.58939
1596		0.598472
1597		0.591385
1598		0.594016
1599		0.595706
1600		0.602593
1601		0.605575
1602		0.599352
1603		0.60265
1604		0.60637
1605		0.611968
1606		0.62066
1607		0.618989
1608		0.622747
1609		0.629151
1610		0.623465
1611		0.62936
1612		0.624178
1613		0.621443
1614		0.617384
1615		0.613137
1616		0.615957
1617		0.612461
1618		0.599117
1619		0.598958
1620		0.596582
1621		0.593962
1622		0.595876
1623		0.599961
1624		0.591593
1625		0.590992
1626		0.59032
1627		0.593843
1628		0.591883
1629		0.588746
1630		0.593931
1631		0.595687
1632		0.601061
1633		0.602932
1634		0.607697
1635		0.609352
1636		0.631435
1637		0.633353
1638		0.625451
1639		0.623202
1640		0.623125
1641		0.625814
1642		0.622319
1643		0.61745
1644		0.609796
1645		0.605656
1646		0.608314
1647		0.602018
1648		0.605775
1649		0.605116
1650		0.604614
1651		0.601975
1652		0.603893
1653		0.603106
1654		0.600864
1655		0.596929
1656		0.586289
1657		0.588356
1658		0.583465
1659		0.588901
1660		0.585737
1661		0.580447
1662		0.581308
1663		0.589684
1664		0.599946
1665		0.605826
1666		0.606786
1667		0.611343
1668		0.616674
1669		0.615733
1670		0.618754
1671		0.624051
1672		0.621154
1673		0.622716
1674		0.614232
1675		0.612627
1676		0.609333
1677		0.613133
1678		0.607816
1679		0.608862
1680		0.612539
1681		0.616836
1682		0.61936
1683		0.621605
1684		0.622805
1685		0.630413
1686		0.591404
1687		0.590355
1688		0.595077
1689		0.600482
1690		0.605583
1691		0.611346
1692		0.616678
1693		0.615741
1694		0.612867
1695		0.615355
1696		0.62184
1697		0.622276
1698		0.619595
1699		0.623445
1700		0.632554
1701		0.631489
1702		0.639298
1703		0.639676
1704		0.647562
1705		0.653252
1706		0.651651
1707		0.666327
1708		0.663206
1709		0.663214
1710		0.658333
1711		0.696786
1712		0.698823
1713		0.695235
1714		0.699687
1715		0.694726
1716		0.691011
1717		0.686655
1718		0.679159
1719		0.670918
1720		0.653403
1721		0.65642
1722		0.647269
1723		0.636096
1724		0.631728
1725		0.633758
1726		0.629537
1727		0.625884
1728		0.618295
1729		0.603908
1730		0.605266
1731		0.591485
1732		0.577893
1733		0.583326
1734		0.567176
1735		0.57233
1736		0.511173
1737		0.518893
1738		0.517222
1739		0.509043
1740		0.50608
1741		0.494583
1742		0.492079
1743		0.492415
1744		0.481173
1745		0.484263
1746		0.478684
1747		0.475301
1748		0.468341
1749		0.461393
1750		0.453202
1751		0.434788
1752		0.443059
1753		0.437249
1754		0.438364
1755		0.436856
1756		0.439394
1757		0.43794
1758		0.431871
1759		0.437897
1760		0.439178
1761		0.421223
1762		0.430004
1763		0.430895
1764		0.425367
1765		0.428553
1766		0.428322
1767		0.430992
1768		0.43235
1769		0.429977
1770		0.439734
1771		0.440721
1772		0.444965
1773		0.444379
1774		0.441944
1775		0.440918
1776		0.443221
1777		0.440096
1778		0.434992
1779		0.434915
1780		0.433129
1781		0.436667
1782		0.437342
1783		0.428777
1784		0.429383
1785		0.425135
1786		0.394695
1787		0.398056
1788		0.401914
1789		0.401246
1790		0.391721
1791		0.392087
1792		0.390004
1793		0.389456
1794		0.386389
1795		0.383553
1796		0.380714
1797		0.387863
1798		0.383862
1799		0.3886
1800		0.387481
1801		0.389869
1802		0.385938
1803		0.373156
1804		0.3736
1805		0.372747
1806		0.369495
1807		0.357068
1808		0.354961
1809		0.355282
1810		0.343735
1811		0.328005
1812		0.32679
1813		0.322824
1814		0.31963
1815		0.317685
1816		0.310486
1817		0.309194
1818		0.301127
1819		0.304799
1820		0.303665
1821		0.296184
1822		0.284321
1823		0.282562
1824		0.27907
1825		0.286138
1826		0.28125
1827		0.282315
1828		0.279738
1829		0.284626
1830		0.280224
1831		0.276458
1832		0.271694
1833		0.274213
1834		0.261462
1835		0.262442
1836		0.229082
1837		0.222897
1838		0.225251
1839		0.220702
1840		0.216725
1841		0.208457
1842		0.207677
1843		0.201732
1844		0.198059
1845		0.189105
1846		0.179927
1847		0.179664
1848		0.177681
1849		0.172203
1850		0.166049
1851		0.159888
1852		0.159306
1853		0.157103
1854		0.158785
1855		0.158804
1856		0.154645
1857		0.150359
1858		0.152369
1859		0.153981
1860		0.148962
1861		0.143935
1862		0.142284
1863		0.139317
1864		0.134522
1865		0.131169
1866		0.136782
1867		0.131651
1868		0.131929
1869		0.140278
1870		0.148256
1871		0.150239
1872		0.153758
1873		0.157971
1874		0.156103
1875		0.160193
1876		0.170687
1877		0.181111
1878		0.195887
1879		0.209749
1880		0.217141
1881		0.228295
1882		0.248827
1883		0.252079
1884		0.262164
1885		0.277697
1886		0.257141
1887		0.275073
1888		0.294375
1889		0.300135
1890		0.317905
1891		0.334958
1892		0.34103
1893		0.351497
1894		0.365691
1895		0.373399
1896		0.376995
1897		0.38782
1898		0.397739
1899		0.414008
1900		0.428264
1901		0.436381
1902		0.444375
1903		0.446231
1904		0.449757
1905		0.456235
1906		0.46218
1907		0.465397
1908		0.462373
1909		0.460019
1910		0.466042
1911		0.487681
1912		0.478441
1913		0.481046
1914		0.473048
1915		0.463688
1916		0.45718
1917		0.445019
1918		0.437735
1919		0.432905
1920		0.425409
1921		0.414506
1922		0.409371
1923		0.395251
1924		0.395949
1925		0.390833
1926		0.380289
1927		0.376319
1928		0.37755
1929		0.363985
1930		0.359657
1931		0.355745
1932		0.349857
1933		0.342307
1934		0.332948
1935		0.329695
1936		0.297975
1937		0.295733
1938		0.2849
1939		0.276748
1940		0.273137
1941		0.272519
1942		0.256308
1943		0.254653
1944		0.252346
1945		0.252504
1946		0.251208
1947		0.250108
1948		0.256551
1949		0.25287
1950		0.240664
1951		0.234201
1952		0.223962
1953		0.217828
1954		0.207994
1955		0.204444
1956		0.1949
1957		0.18527
1958		0.175756
1959		0.171007
1960		0.152199
1961		0.138094
1962		0.124039
1963		0.116196
1964		0.111871
1965		0.107855
1966		0.102087
1967		0.0994444
1968		0.0931636
1969		0.0858179
1970		0.0863426
1971		0.0786304
1972		0.0717207
1973		0.0650309
1974		0.05701
1975		0.0517477
1976		0.0499421
1977		0.0418596
1978		0.0378549
1979		0.0350463
1980		0.0326929
1981		0.0264892
1982		0.0238117
1983		0.0227315
1984		0.0230556
1985		0.0229977
1986		0.0244136
1987		0.0243519
1988		0.0262037
1989		0.0243981
1990		0.0248611
1991		0.0256713
1992		0.0261034
1993		0.0264352
1994		0.0258333
1995		0.0262731
1996		0.0254282
1997		0.0257253
1998		0.0261111
1999		0.026875
2000		0.0307176
2001		0.0388233
2002		0.0520448
2003		0.0610417
2004		0.075108
2005		0.0922994
2006		0.10125
2007		0.118248
2008		0.131535
2009		0.140621
2010		0.160791
2011		0.173754
2012		0.185069
2013		0.205868
2014		0.222716
2015		0.230802
2016		0.252083
2017		0.273765
2018		0.283989
2019		0.306208
2020		0.314051
2021		0.32505
2022		0.336644
2023		0.348873
2024		0.357396
2025		0.361686
2026		0.373785
2027		0.383133
2028		0.384417
2029		0.397168
2030		0.392585
2031		0.40054
2032		0.401794
2033		0.400698
2034		0.405123
2035		0.404379
2036		0.394194
2037		0.383646
2038		0.383954
2039		0.376431
2040		0.363989
2041		0.355737
2042		0.352739
2043		0.33978
2044		0.331759
2045		0.325255
2046		0.316277
2047		0.30897
2048		0.308503
2049		0.308403
2050		0.294707
2051		0.29586
2052		0.286624
2053		0.275841
2054		0.272203
2055		0.257658
2056		0.241335
2057		0.234502
2058		0.228897
2059		0.216084
2060		0.213542
2061		0.209047
2062		0.19843
2063		0.195729
2064		0.188341
2065		0.173615
2066		0.168696
2067		0.159244
2068		0.150073
2069		0.145937
2070		0.135795
2071		0.124259
2072		0.114136
2073		0.105247
2074		0.0935764
2075		0.0891628
2076		0.0822955
2077		0.0747454
2078		0.0694753
2079		0.0659182
2080		0.0611265
2081		0.0583565
2082		0.0525463
2083		0.047338
2084		0.0448534
2085		0.0393827
2086		0.0334028
2087		0.0334259
2088		0.0343981
2089		0.0321528
2090		0.0316744
2091		0.0326775
2092		0.031304
2093		0.0320602
2094		0.0308333
2095		0.0327546
2096		0.0330864
2097		0.0358025
2098		0.0395679
2099		0.0419599
2100		0.0474151
2101		0.0540355
2102		0.0572839
2103		0.0645563
2104		0.0751273
2105		0.079348
2106		0.0884221
2107		0.096821
2108		0.101721
2109		0.108534
2110		0.118434
2111		0.119757
2112		0.129012
2113		0.136941
2114		0.143295
2115		0.155162
2116		0.161937
2117		0.167647
2118		0.176813
2119		0.187793
2120		0.194576
2121		0.205023
2122		0.21586
2123		0.219325
2124		0.227515
2125		0.229996
2126		0.237296
2127		0.239309
2128		0.250637
2129		0.247855
2130		0.25733
2131		0.260046
2132		0.255475
2133		0.253353
2134		0.251427
2135		0.246775
2136		0.26211
2137		0.255965
2138		0.261242
2139		0.258665
2140		0.272438
2141		0.264518
2142		0.266871
2143		0.266285
2144		0.270494
2145		0.268553
2146		0.265532
2147		0.264028
2148		0.259873
2149		0.255104
2150		0.259946
2151		0.254425
2152		0.242604
2153		0.240733
2154		0.240883
2155		0.245918
2156		0.246663
2157		0.252137
2158		0.241215
2159		0.23912
2160		0.234796
2161		0.220772
2162		0.220193
2163		0.22581
2164		0.234981
2165		0.233098
2166		0.230783
2167		0.22159
2168		0.220814
2169		0.218939
2170		0.215189
2171		0.211501
2172		0.21657
2173		0.208052
2174		0.203275
2175		0.208025
2176		0.201863
2177		0.198071
2178		0.189498
2179		0.188904
2180		0.186319
2181		0.177323
2182		0.170575
2183		0.165826
2184		0.156852
2185		0.147512
2186		0.136254
2187		0.130926
2188		0.124028
2189		0.122523
2190		0.115756
2191		0.108264
2192		0.105772
2193		0.0945062
2194		0.0922994
2195		0.0874923
2196		0.083233
2197		0.0794985
2198		0.0752546
2199		0.0685802
2200		0.0641705
2201		0.0627546
2202		0.0576852
2203		0.0516204
2204		0.0514429
2205		0.0489583
2206		0.0415548
2207		0.0417554
2208		0.0381713
2209		0.0362539
2210		0.0346451
2211		0.0367052
2212		0.0345525
2213		0.0315201
2214		0.0272454
2215		0.0240278
2216		0.0253318
2217		0.0196836
2218		0.0192438
2219		0.0178858
2220		0.0160262
2221		0.0169136
2222		0.0186265
2223		0.0173843
2224		0.0187886
2225		0.0192978
2226		0.0188503
2227		0.0193596
2228		0.0189236
2229		0.0195525
2230		0.0181867
2231		0.019892
2232		0.0202315
2233		0.0203974
2234		0.0198457
2235		0.0184645
2236		0.0182099
2237		0.0195833
2238		0.0190741
2239		0.0208873
2240		0.0214352
2241		0.0210031
2242		0.021142
2243		0.0220602
2244		0.0235185
2245		0.0241512
2246		0.0240895
2247		0.0254707
2248		0.0240046
2249		0.0227083
2250		0.0236883
2251		0.0247454
2252		0.0239545
2253		0.0213966
2254		0.021142
2255		0.0253318
2256		0.0272299
2257		0.0243287
2258		0.0274074
2259		0.0282176
2260		0.0254012
2261		0.0303125
2262		0.0315741
2263		0.0307253
2264		0.031169
2265		0.0336381
2266		0.0391821
2267		0.0433796
2268		0.0497762
2269		0.0660031
2270		0.0696374
2271		0.0745216
2272		0.0827585
2273		0.0854823
2274		0.0896181
2275		0.0880324
2276		0.0922107
2277		0.091196
2278		0.0931906
2279		0.0940741
2280		0.0938812
2281		0.0938079
2282		0.0943133
2283		0.0954283
2284		0.0999537
2285		0.102272
2286		0.101921
2287		0.105502
2288		0.104838
2289		0.106983
2290		0.108488
2291		0.110147
2292		0.109715
2293		0.11061
2294		0.110525
2295		0.108808
2296		0.108966
2297		0.112083
2298		0.111358
2299		0.115571
2300		0.11956
2301		0.124086
2302		0.123958
2303		0.124452
2304		0.121157
2305		0.121481
2306		0.125903
2307		0.124174
2308		0.123569
2309		0.1226
2310		0.131782
2311		0.119483
2312		0.125579
2313		0.128021
2314		0.127924
2315		0.124225
2316		0.119086
2317		0.115301
2318		0.111111
2319		0.107832
2320		0.106308
2321		0.106412
2322		0.103056
2323		0.103465
2324		0.100675
2325		0.0976775
2326		0.0967901
2327		0.092554
2328		0.0889043
2329		0.0876852
2330		0.0848843
2331		0.0822338
2332		0.075787
2333		0.0755324
2334		0.0730478
2335		0.0681366
2336		0.0728164
2337		0.0687423
2338		0.0631481
2339		0.0615008
2340		0.0553627
2341		0.0543827
2342		0.0557793
2343		0.0539352
2344		0.0509182
2345		0.0504745
2346		0.0512963
2347		0.049375
2348		0.0493904
2349		0.0469907
2350		0.0459722
2351		0.0473843
2352		0.0428356
2353		0.0409568
2354		0.0383526
2355		0.0360802
2356		0.0375231
2357		0.0357485
2358		0.0325
2359		0.0258642
2360		0.0263735
2361		0.0246373
2362		0.0239815
2363		0.0245756
2364		0.0227778
2365		0.0227083
2366		0.0253241
2367		0.022284
2368		0.0212654
2369		0.0209105
2370		0.0211651
2371		0.0196451
2372		0.0222145
2373		0.0196914
2374		0.0198765
2375		0.0195525
2376		0.0170448
2377		0.0174691
2378		0.0196451
2379		0.0200694
2380		0.0209722
2381		0.0218056
2382		0.025
2383		0.0329012
2384		0.038125
2385		0.04375
2386		0.0554475
2387		0.056929
2388		0.0669213
2389		0.0647608
2390		0.0641667
2391		0.0604707
2392		0.0580015
2393		0.0552315
2394		0.0537924
2395		0.0543403
2396		0.0524846
2397		0.0467593
2398		0.0416821
2399		0.0401505
2400		0.0374923
2401		0.0346566
2402		0.0382716
2403		0.0376389
2404		0.0447994
2405		0.0477623
2406		0.0451466
2407		0.056875
2408		0.0583411
2409		0.0587269
2410		0.0554398
2411		0.0492747
2412		0.0502392
2413		0.0506983
2414		0.049375
2415		0.0571605
2416		0.0515818
2417		0.0509491
2418		0.0488812
2419		0.0454475
2420		0.0467901
2421		0.0451389
2422		0.0424961
2423		0.0363194
2424		0.0283951
2425		0.0240664
2426		0.0213272
2427		0.0182793
2428		0.0243287
2429		0.023071
2430		0.0204552
2431		0.021088
2432		0.0214043
2433		0.0306173
2434		0.0363503
2435		0.0392438
2436		0.0503781
2437		0.0529398
2438		0.0548071
2439		0.0550694
2440		0.0589275
2441		0.0593364
2442		0.0605556
2443		0.0617708
2444		0.0627971
2445		0.0652006
2446		0.0655401
2447		0.0660841
2448		0.0661883
2449		0.0670216
2450		0.0681327
2451		0.068858
2452		0.0696142
2453		0.0701813
2454		0.0699923
2455		0.0730941
2456		0.0734761
2457		0.0759722
2458		0.0779475
2459		0.0786806
2460		0.0797377
2461		0.0850039
2462		0.0852932
2463		0.0880633
2464		0.0884568
2465		0.0883102
2466		0.0844946
2467		0.078588
2468		0.0734182
2469		0.0681327
2470		0.0645486
2471		0.0620293
2472		0.0596528
2473		0.0557292
2474		0.0527623
2475		0.0474421
2476		0.0487654
2477		0.0494136
2478		0.0471682
2479		0.044483
2480		0.0429398
2481		0.0409028
2482		0.0389738
2483		0.0381481
2484		0.0343673
2485		0.0352469
2486		0.0348225
2487		0.0345679
2488		0.0341281
2489		0.0354552
2490		0.0361034
2491		0.0366281
2492		0.0371142
2493		0.038071
2494		0.0391204
2495		0.0398765
2496		0.0408796
2497		0.040841
2498		0.0413889
2499		0.0410147
2500		0.0424769
2501		0.042963
2502		0.0428935
2503		0.0440123
2504		0.0461651
2505		0.048125
2506		0.0468287
2507		0.0491589
2508		0.053071
2509		0.0608796
2510		0.0636111
2511		0.0696065
2512		0.0789892
2513		0.0819676
2514		0.0861034
2515		0.0868056
2516		0.0872492
2517		0.0828164
2518		0.0808411
2519		0.0802006
2520		0.0801543
2521		0.0797647
2522		0.0812384
2523		0.0799074
2524		0.0821489
2525		0.0833488
2526		0.081686
2527		0.0772762
2528		0.077392
2529		0.0772454
2530		0.07549
2531		0.0791049
2532		0.0827893
2533		0.0787191
2534		0.0776389
2535		0.0828858
2536		0.0868673
2537		0.0837577
2538		0.0828627
2539		0.0871991
2540		0.0887963
2541		0.0924807
2542		0.0878626
2543		0.0874383
2544		0.0902932
2545		0.0955093
2546		0.0910957
2547		0.0872068
2548		0.0899807
2549		0.0864545
2550		0.0828164
2551		0.0833488
2552		0.0836034
2553		0.0871296
2554		0.0833565
2555		0.0798303
2556		0.0782022
2557		0.0745679
2558		0.0737423
2559		0.0770062
2560		0.0765818
2561		0.0649884
2562		0.0559143
2563		0.0468827
2564		0.0462423
2565		0.0427778
2566		0.0384877
2567		0.0380633
2568		0.037284
2569		0.0346528
2570		0.0329244
2571		0.0293866
2572		0.0250386
2573		0.0228819
2574		0.0217438
2575		0.0207485
2576		0.0201003
2577		0.0193364
2578		0.0191049
2579		0.0191667
2580		0.0193519
2581		0.0194753
2582		0.0197685
2583		0.019537
2584		0.0197222
2585		0.0192901
2586		0.02
2587		0.0195679
2588		0.0199383
2589		0.0204938
2590		0.0203395
2591		0.0198765
2592		0.0199228
2593		0.019784
2594		0.0200926
2595		0.0208796
2596		0.0208488
2597		0.0208642
2598		0.0201235
2599		0.02
2600		0.0200463
2601		0.0201543
2602		0.0201852
2603		0.0201852
2604		0.020216
2605		0.0203086
2606		0.0203086
2607		0.0207716
2608		0.0207716
2609		0.0207716
2610		0.0207716
2611		0.0217207
2612		0.0212346
2613		0.0215664
2614		0.0210725
2615		0.021304
2616		0.0211343
2617		0.0215509
2618		0.0218441
2619		0.0217207
2620		0.0220139
2621		0.0222299
2622		0.0212809
2623		0.0215432
2624		0.0241358
2625		0.0300617
2626		0.0376389
2627		0.0416512
2628		0.0485648
2629		0.0536574
2630		0.0560494
2631		0.0578858
2632		0.0600154
2633		0.0599074
2634		0.0623765
2635		0.0645679
2636		0.0647222
2637		0.0706674
2638		0.0760764
2639		0.0805324
2640		0.0860185
2641		0.0927392
2642		0.0959877
2643		0.10358
2644		0.105779
2645		0.107392
2646		0.114699
2647		0.120077
2648		0.126914
2649		0.13037
2650		0.135802
2651		0.136748
2652		0.142307
2653		0.142485
2654		0.144182
2655		0.147677
2656		0.150363
2657		0.153881
2658		0.154992
2659		0.158048
2660		0.162728
2661		0.151223
2662		0.159988
2663		0.162087
2664		0.161296
2665		0.16902
2666		0.16353
2667		0.159302
2668		0.165197
2669		0.165224
2670		0.168804
2671		0.168596
2672		0.164857
2673		0.16647
2674		0.164869
2675		0.173121
2676		0.171659
2677		0.173553
2678		0.169282
2679		0.166327
2680		0.170579
2681		0.166543
2682		0.152608
2683		0.150293
2684		0.151508
2685		0.147284
2686		0.11316
2687		0.110552
2688		0.112504
2689		0.117176
2690		0.116211
2691		0.119792
2692		0.112839
2693		0.112554
2694		0.110602
2695		0.101836
2696		0.0999807
2697		0.0890818
2698		0.0809375
2699		0.0743634
2700		0.0684182
2701		0.0678704
2702		0.0696528
2703		0.066034
2704		0.0656944
2705		0.0682716
2706		0.0708256
2707		0.0736651
2708		0.0722376
2709		0.0680324
2710		0.0631096
2711		0.0621528
2712		0.0596451
2713		0.0577238
2714		0.057716
2715		0.0591512
2716		0.0596296
2717		0.0598148
2718		0.0599383
2719		0.0607253
2720		0.0611265
2721		0.0608642
2722		0.0592284
2723		0.060463
2724		0.0606173
2725		0.0613735
2726		0.0621451
2727		0.0656018
2728		0.0719444
2729		0.0745525
2730		0.0807253
2731		0.0867554
2732		0.0890201
2733		0.0929552
2734		0.0946528
2735		0.0980093
2736		0.0999846
2737		0.100756
2738		0.10233
2739		0.102361
2740		0.10517
2741		0.105208
2742		0.105683
2743		0.107932
2744		0.108167
2745		0.105741
2746		0.109113
2747		0.110143
2748		0.112238
2749		0.116165
2750		0.117454
2751		0.115965
2752		0.117338
2753		0.117269
2754		0.1199
2755		0.120023
2756		0.121613
2757		0.124244
2758		0.126196
2759		0.125193
2760		0.126366
2761		0.127118
2762		0.126771
2763		0.128638
2764		0.128376
2765		0.128561
2766		0.131682
2767		0.135158
2768		0.133102
2769		0.137103
2770		0.138083
2771		0.137446
2772		0.138299
2773		0.14103
2774		0.142207
2775		0.145745
2776		0.147377
2777		0.148488
2778		0.150887
2779		0.150285
2780		0.150332
2781		0.151559
2782		0.152458
2783		0.152654
2784		0.151481
2785		0.150208
2786		0.143202
2787		0.143094
2788		0.143908
2789		0.143738
2790		0.142346
2791		0.141551
2792		0.141782
2793		0.13912
2794		0.142052
2795		0.141273
2796		0.138931
2797		0.143202
2798		0.14054
2799		0.142913
2800		0.145239
2801		0.145656
2802		0.147018
2803		0.146539
2804		0.14733
2805		0.148704
2806		0.149255
2807		0.14941
2808		0.150756
2809		0.151404
2810		0.150895
2811		0.148588
2812		0.148075
2813		0.149259
2814		0.150633
2815		0.149892
2816		0.151065
2817		0.149884
2818		0.152153
2819		0.154221
2820		0.152955
2821		0.151767
2822		0.151474
2823		0.153287
2824		0.151528
2825		0.153117
2826		0.152932
2827		0.153457
2828		0.15348
2829		0.152045
2830		0.151775
2831		0.152145
2832		0.15196
2833		0.151728
2834		0.15304
2835		0.153457
2836		0.155733
2837		0.156535
2838		0.154506
2839		0.15402
2840		0.155903
2841		0.157361
2842		0.156944
2843		0.156782
2844		0.156138
2845		0.155903
2846		0.158171
2847		0.158171
2848		0.158295
2849		0.159776
2850		0.164228
2851		0.167793
2852		0.168503
2853		0.171682
2854		0.172863
2855		0.173079
2856		0.170332
2857		0.168881
2858		0.168002
2859		0.165926
2860		0.163688
2861		0.156782
2862		0.155718
2863		0.153634
2864		0.154406
2865		0.156088
2866		0.156327
2867		0.156335
2868		0.156443
2869		0.155779
2870		0.156181
2871		0.156489
2872		0.156057
2873		0.155625
2874		0.15625
2875		0.156566
2876		0.154421
2877		0.153511
2878		0.155363
2879		0.158302
2880		0.158341
2881		0.16439
2882		0.165617
2883		0.165988
2884		0.168349
2885		0.168765
2886		0.176427
2887		0.179437
2888		0.179491
2889		0.179938
2890		0.181219
2891		0.182809
2892		0.18365
2893		0.183711
2894		0.185586
2895		0.183364
2896		0.183237
2897		0.183032
2898		0.182153
2899		0.183731
2900		0.185054
2901		0.185552
2902		0.186242
2903		0.183542
2904		0.184765
2905		0.182801
2906		0.183684
2907		0.184668
2908		0.184807
2909		0.185448
2910		0.186782
2911		0.178106
2912		0.178511
2913		0.178708
2914		0.177851
2915		0.178457
2916		0.1789
2917		0.17912
2918		0.178283
2919		0.178522
2920		0.180158
2921		0.180887
2922		0.181871
2923		0.184549
2924		0.184225
2925		0.183777
2926		0.183407
2927		0.182558
2928		0.181991
2929		0.180301
2930		0.181424
2931		0.182913
2932		0.183723
2933		0.183137
2934		0.184587
2935		0.185139
2936		0.174012
2937		0.175629
2938		0.174425
2939		0.174352
2940		0.176103
2941		0.180664
2942		0.184414
2943		0.188534
2944		0.192855
2945		0.194707
2946		0.199475
2947		0.204363
2948		0.209217
2949		0.214942
2950		0.220903
2951		0.223171
2952		0.227751
2953		0.231084
2954		0.231682
2955		0.237801
2956		0.241775
2957		0.248002
2958		0.25309
2959		0.256898
2960		0.261744
2961		0.273665
2962		0.280459
2963		0.284765
2964		0.289753
2965		0.295374
2966		0.296987
2967		0.301516
2968		0.306485
2969		0.308619
2970		0.314417
2971		0.319383
2972		0.321316
2973		0.326269
2974		0.330409
2975		0.333314
2976		0.337361
2977		0.341501
2978		0.344722
2979		0.346389
2980		0.346613
2981		0.348958
2982		0.350694
2983		0.355027
2984		0.354992
2985		0.358981
2986		0.356763
2987		0.3587
2988		0.359568
2989		0.363152
2990		0.365486
2991		0.370413
2992		0.376138
2993		0.381887
2994		0.38299
2995		0.385054
2996		0.390131
2997		0.395031
2998		0.399915
2999		0.40022
3000		0.40564
3001		0.403727
3002		0.407666
3003		0.409124
3004		0.415721
3005		0.419788
3006		0.422689
3007		0.42792
3008		0.431539
3009		0.438738
3010		0.441227
3011		0.445625
3012		0.456154
3013		0.460934
3014		0.46076
3015		0.464043
3016		0.475177
3017		0.479641
3018		0.488989
3019		0.489387
3020		0.491242
3021		0.497589
3022		0.506381
3023		0.514722
3024		0.510725
3025		0.518611
3026		0.518272
3027		0.514001
3028		0.51669
3029		0.522542
3030		0.523827
3031		0.522847
3032		0.522438
3033		0.515945
3034		0.518916
3035		0.523476
3036		0.514676
3037		0.508762
3038		0.507639
3039		0.510992
3040		0.519151
3041		0.515336
3042		0.521142
3043		0.516231
3044		0.522172
3045		0.520459
3046		0.520509
3047		0.519772
3048		0.520143
3049		0.522423
3050		0.521373
3051		0.525355
3052		0.519352
3053		0.522562
3054		0.522373
3055		0.519425
3056		0.5188
3057		0.517334
3058		0.517427
3059		0.518025
3060		0.523769
3061		0.501917
3062		0.500243
3063		0.497596
3064		0.499738
3065		0.509275
3066		0.516138
3067		0.522948
3068		0.529329
3069		0.532762
3070		0.532801
3071		0.533171
3072		0.529186
3073		0.526605
3074		0.528156
3075		0.530733
3076		0.535324
3077		0.532299
3078		0.527882
3079		0.532114
3080		0.534321
3081		0.5438
3082		0.555401
3083		0.558519
3084		0.558646
3085		0.56684
3086		0.560559
3087		0.563646
3088		0.559433
3089		0.562959
3090		0.566439
3091		0.563549
3092		0.566427
3093		0.562662
3094		0.564772
3095		0.567087
3096		0.570424
3097		0.571578
3098		0.570706
3099		0.567157
3100		0.566069
3101		0.567577
3102		0.576624
3103		0.57733
3104		0.577647
3105		0.574109
3106		0.574911
3107		0.576262
3108		0.576732
3109		0.575837
3110		0.578167
3111		0.54488
3112		0.543206
3113		0.546944
3114		0.548993
3115		0.549089
3116		0.550444
3117		0.547523
3118		0.552924
3119		0.55684
3120		0.558742
3121		0.556458
3122		0.558237
3123		0.561053
3124		0.564977
3125		0.569414
3126		0.569444
3127		0.573885
3128		0.572994
3129		0.574498
3130		0.574568
3131		0.577828
3132		0.571651
3133		0.572276
3134		0.573268
3135		0.576285
3136		0.574325
3137		0.57679
3138		0.579421
3139		0.577099
3140		0.581011
3141		0.582909
3142		0.585181
3143		0.584807
3144		0.586424
3145		0.587666
3146		0.590096
3147		0.595802
3148		0.593549
3149		0.594676
3150		0.598974
3151		0.59804
3152		0.5976
3153		0.595486
3154		0.601026
3155		0.60064
3156		0.601578
3157		0.604167
3158		0.603545
3159		0.605386
3160		0.607581
3161		0.570525
3162		0.571856
3163		0.568561
3164		0.565004
3165		0.570899
3166		0.566343
3167		0.566628
3168		0.571219
3169		0.57407
3170		0.575918
3171		0.57537
3172		0.57515
3173		0.575421
3174		0.57463
3175		0.576771
3176		0.577496
3177		0.579313
3178		0.581698
3179		0.588677
3180		0.589348
3181		0.595066
3182		0.600922
3183		0.603546
3184		0.604765
3185		0.603488
3186		0.607361
3187		0.613225
3188		0.615478
3189		0.616227
3190		0.621208
3191		0.619884
3192		0.624977
3193		0.625702
3194		0.626493
3195		0.630278
3196		0.634282
3197		0.633106
3198		0.629977
3199		0.630359
3200		0.6313
3201		0.63338
3202		0.633715
3203		0.63559
3204		0.638071
3205		0.636863
3206		0.638515
3207		0.637905
3208		0.637025
3209		0.638553
3210		0.636292
3211		0.583978
3212		0.585316
3213		0.585355
3214		0.593337
3215		0.592731
3216		0.59071
3217		0.593314
3218		0.591038
3219		0.596196
3220		0.59527
3221		0.597411
3222		0.596991
3223		0.598843
3224		0.602164
3225		0.60049
3226		0.60576
3227		0.606879
3228		0.606929
3229		0.61108
3230		0.611497
3231		0.614344
3232		0.615116
3233		0.616381
3234		0.618187
3235		0.619421
3236		0.60512
3237		0.6064
3238		0.607307
3239		0.60505
3240		0.609097
3241		0.608422
3242		0.609321
3243		0.610158
3244		0.61115
3245		0.611505
3246		0.610135
3247		0.610972
3248		0.608465
3249		0.609267
3250		0.610829
3251		0.585791
3252		0.587396
3253		0.586848
3254		0.588476
3255		0.588746
3256		0.589958
3257		0.592326
3258		0.590868
3259		0.59093
3260		0.594248
3261		0.592878
3262		0.593002
3263		0.596007
3264		0.602458
3265		0.602315
3266		0.603399
3267		0.602874
3268		0.600239
3269		0.602932
3270		0.604556
3271		0.604745
3272		0.60314
3273		0.60314
3274		0.608538
3275		0.609217
3276		0.612894
3277		0.61027
3278		0.612199
3279		0.617002
3280		0.614626
3281		0.615336
3282		0.616254
3283		0.617211
3284		0.616856
3285		0.618607
3286		0.621451
3287		0.620718
3288		0.623287
3289		0.624637
3290		0.623488
3291		0.623673
3292		0.625478
3293		0.625752
3294		0.627843
3295		0.624194
3296		0.623623
3297		0.623731
3298		0.624857
3299		0.625228
3300		0.626725
3301		0.624931
3302		0.626616
3303		0.626478
3304		0.625741
3305		0.628063
3306		0.626088
3307		0.62652
3308		0.62814
3309		0.626397
3310		0.6276
3311		0.579082
3312		0.577477
3313		0.584263
3314		0.58537
3315		0.585648
3316		0.588843
3317		0.59037
3318		0.592292
3319		0.590208
3320		0.588843
3321		0.588596
3322		0.591296
3323		0.592052
3324		0.591223
3325		0.593318
3326		0.599441
3327		0.597141
3328		0.595328
3329		0.595081
3330		0.596574
3331		0.597195
3332		0.598275
3333		0.601208
3334		0.603515
3335		0.603646
3336		0.606404
3337		0.608083
3338		0.604317
3339		0.60689
3340		0.605934
3341		0.604113
3342		0.606589
3343		0.612874
3344		0.612203
3345		0.612681
3346		0.613291
3347		0.613607
3348		0.614471
3349		0.612786
3350		0.618823
3351		0.620151
3352		0.620548
3353		0.619437
3354		0.620957
3355		0.62189
3356		0.620802
3357		0.620397
3358		0.620691
3359		0.621316
3360		0.622527
3361		0.627168
3362		0.626046
3363		0.62402
3364		0.626015
3365		0.627137
3366		0.628357
3367		0.627778
3368		0.624869
3369		0.622897
3370		0.62534
3371		0.628191
3372		0.627103
3373		0.631952
3374		0.628094
3375		0.632438
3376		0.631107
3377		0.632461
3378		0.63049
3379		0.627693
3380		0.628418
3381		0.63142
3382		0.630737
3383		0.632002
3384		0.630829
3385		0.627782
3386		0.589097
3387		0.588777
3388		0.590683
3389		0.593306
3390		0.596069
3391		0.598569
3392		0.599672
3393		0.600359
3394		0.600112
3395		0.598117
3396		0.599707
3397		0.60201
3398		0.603534
3399		0.607809
3400		0.608206
3401		0.608688
3402		0.607666
3403		0.609742
3404		0.610498
3405		0.613553
3406		0.614579
3407		0.615829
3408		0.615274
3409		0.6139
3410		0.614263
3411		0.600752
3412		0.599367
3413		0.601397
3414		0.605787
3415		0.601181
3416		0.603218
3417		0.602427
3418		0.604699
3419		0.602431
3420		0.601644
3421		0.598561
3422		0.605112
3423		0.601188
3424		0.603071
3425		0.606385
3426		0.607122
3427		0.605147
3428		0.609236
3429		0.609275
3430		0.607809
3431		0.610015
3432		0.610108
3433		0.611782
3434		0.612137
3435		0.612056
3436		0.609255
3437		0.611601
3438		0.611771
3439		0.612396
3440		0.612045
3441		0.613025
3442		0.611593
3443		0.614788
3444		0.614001
3445		0.614008
3446		0.614977
3447		0.614383
3448		0.615741
3449		0.615741
3450		0.616682
3451		0.620077
3452		0.618137
3453		0.619398
3454		0.62238
3455		0.620274
3456		0.622515
3457		0.623256
3458		0.624506
3459		0.625633
3460		0.622886
3461		0.596462
3462		0.598113
3463		0.60064
3464		0.603943
3465		0.604267
3466		0.603704
3467		0.605135
3468		0.607782
3469		0.605613
3470		0.609147
3471		0.608951
3472		0.608881
3473		0.611265
3474		0.61054
3475		0.613048
3476		0.609136
3477		0.610883
3478		0.611991
3479		0.614228
3480		0.616049
3481		0.622322
3482		0.62061
3483		0.62027
3484		0.62142
3485		0.621543
3486		0.615224
3487		0.614853
3488		0.615806
3489		0.618538
3490		0.619086
3491		0.62642
3492		0.625752
3493		0.630274
3494		0.632045
3495		0.634769
3496		0.633148
3497		0.636682
3498		0.635494
3499		0.638063
3500		0.637307
3501		0.621065
3502		0.621254
3503		0.623399
3504		0.623669
3505		0.624556
3506		0.624977
3507		0.626582
3508		0.625837
3509		0.626601
3510		0.627141
3511		0.569201
3512		0.569217
3513		0.571562
3514		0.568029
3515		0.572299
3516		0.574282
3517		0.575806
3518		0.579981
3519		0.580621
3520		0.582276
3521		0.583094
3522		0.585069
3523		0.586154
3524		0.589537
3525		0.590621
3526		0.593302
3527		0.596389
3528		0.600856
3529		0.601551
3530		0.604097
3531		0.603121
3532		0.606296
3533		0.605019
3534		0.607519
3535		0.607103
3536		0.61495
3537		0.614931
3538		0.614236
3539		0.612755
3540		0.614911
3541		0.615066
3542		0.614877
3543		0.619703
3544		0.619252
3545		0.619915
3546		0.621404
3547		0.622882
3548		0.621705
3549		0.624348
3550		0.628268
3551		0.627388
3552		0.627033
3553		0.629024
3554		0.630968
3555		0.62887
3556		0.630567
3557		0.629618
3558		0.629958
3559		0.630313
3560		0.630421
3561		0.62137
3562		0.621998
3563		0.626339
3564		0.623538
3565		0.627396
3566		0.628376
3567		0.629147
3568		0.627203
3569		0.629811
3570		0.638121
3571		0.639036
3572		0.642697
3573		0.640802
3574		0.644807
3575		0.647731
3576		0.647743
3577		0.650903
3578		0.65093
3579		0.653931
3580		0.652068
3581		0.65235
3582		0.655293
3583		0.657087
3584		0.654456
3585		0.655204
3586		0.654387
3587		0.652573
3588		0.651721
3589		0.651883
3590		0.655559
3591		0.654738
3592		0.654113
3593		0.654838
3594		0.654286
3595		0.625671
3596		0.624012
3597		0.628187
3598		0.631427
3599		0.632187
3600		0.632226
3601		0.632153
3602		0.634903
3603		0.631335
3604		0.632454
3605		0.634506
3606		0.634089
3607		0.636204
3608		0.63625
3609		0.636258
3610		0.636157
3611		0.637207
3612		0.637778
3613		0.637816
3614		0.639012
3615		0.63865
3616		0.635891
3617		0.637407
3618		0.638765
3619		0.640509
3620		0.594622
3621		0.597558
3622		0.601574
3623		0.600525
3624		0.603083
3625		0.6076
3626		0.608063
3627		0.608152
3628		0.609128
3629		0.609452
3630		0.614332
3631		0.616856
3632		0.618017
3633		0.621211
3634		0.621362
3635		0.626015
3636		0.627512
3637		0.632716
3638		0.636987
3639		0.637404
3640		0.639846
3641		0.636848
3642		0.637122
3643		0.640984
3644		0.641806
3645		0.644988
3646		0.64316
3647		0.644201
3648		0.644236
3649		0.642357
3650		0.644232
3651		0.645185
3652		0.651485
3653		0.646867
3654		0.649329
3655		0.649718
3656		0.648943
3657		0.651088
3658		0.651975
3659		0.650035
3660		0.646767
3661		0.649456
3662		0.650112
3663		0.648796
3664		0.649344
3665		0.646956
3666		0.650571
3667		0.649583
3668		0.647963
3669		0.650386
3670		0.618005
3671		0.6187
3672		0.625521
3673		0.623542
3674		0.626952
3675		0.622735
3676		0.624113
3677		0.625911
3678		0.621755
3679		0.626601
3680		0.6214
3681		0.623248
3682		0.629772
3683		0.632573
3684		0.631412
3685		0.633966
3686		0.634425
3687		0.636462
3688		0.633121
3689		0.636563
3690		0.635494
3691		0.638148
3692		0.633194
3693		0.6387
3694		0.637828
3695		0.632411
3696		0.633561
3697		0.635289
3698		0.634649
3699		0.632369
3700		0.627739
3701		0.628557
3702		0.62804
3703		0.630903
3704		0.629595
3705		0.631547
3706		0.632149
3707		0.632774
3708		0.636177
3709		0.637793
3710		0.642045
3711		0.641026
3712		0.640992
3713		0.644136
3714		0.647411
3715		0.64637
3716		0.646482
3717		0.646262
3718		0.647635
3719		0.646879
3720		0.616597
3721		0.618515
3722		0.619807
3723		0.623399
3724		0.624414
3725		0.623762
3726		0.623735
3727		0.62338
3728		0.623106
3729		0.621501
3730		0.621979
3731		0.62152
3732		0.622562
3733		0.623916
3734		0.62179
3735		0.623453
3736		0.624082
3737		0.623048
3738		0.626057
3739		0.627712
3740		0.627253
3741		0.625795
3742		0.624857
3743		0.62554
3744		0.624375
3745		0.615012
3746		0.614664
3747		0.615274
3748		0.617481
3749		0.615197
3750		0.617211
3751		0.603372
3752		0.606863
3753		0.604753
3754		0.605343
3755		0.608198
3756		0.608333
3757		0.611034
3758		0.613889
3759		0.614776
3760		0.617546
3761		0.617431
3762		0.618002
3763		0.615039
3764		0.619714
3765		0.616968
3766		0.621566
3767		0.616643
3768		0.61814
3769		0.616952
3770		0.566597
3771		0.569259
3772		0.574414
3773		0.574742
3774		0.576366
3775		0.576987
3776		0.57784
3777		0.578399
3778		0.578399
3779		0.579151
3780		0.577396
3781		0.579626
3782		0.580204
3783		0.58216
3784		0.582215
3785		0.583816
3786		0.586073
3787		0.588252
3788		0.589749
3789		0.590772
3790		0.591914
3791		0.591103
3792		0.593881
3793		0.595185
3794		0.597608
3795		0.5863
3796		0.587419
3797		0.592365
3798		0.593708
3799		0.59326
3800		0.59451
3801		0.593889
3802		0.595147
3803		0.601806
3804		0.603337
3805		0.603322
3806		0.601528
3807		0.602488
3808		0.604167
3809		0.608021
3810		0.606269
3811		0.608465
3812		0.604988
3813		0.60836
3814		0.609491
3815		0.611015
3816		0.612905
3817		0.615513
3818		0.616763
3819		0.619788
3820		0.627569
3821		0.628731
3822		0.627809
3823		0.627049
3824		0.630278
3825		0.62767
3826		0.634213
3827		0.629606
3828		0.63485
3829		0.638086
3830		0.635166
3831		0.638422
3832		0.644367
3833		0.645112
3834		0.644826
3835		0.64674
3836		0.648329
3837		0.653924
3838		0.651952
3839		0.653507
3840		0.654336
3841		0.656728
3842		0.657361
3843		0.659657
3844		0.660058
3845		0.656323
3846		0.653252
3847		0.655999
3848		0.659533
3849		0.658572
3850		0.660625
3851		0.660324
3852		0.662269
3853		0.662531
3854		0.669491
3855		0.671343
3856		0.675355
3857		0.678005
3858		0.680772
3859		0.679522
3860		0.681887
3861		0.688411
3862		0.692373
3863		0.68809
3864		0.692647
3865		0.692369
3866		0.687288
3867		0.687164
3868		0.684471
3869		0.68424
3870		0.630606
3871		0.628974
3872		0.631335
3873		0.630941
3874		0.632438
3875		0.635282
3876		0.63532
3877		0.633426
3878		0.636617
3879		0.639016
3880		0.639194
3881		0.644583
3882		0.648507
3883		0.645617
3884		0.643241
3885		0.644707
3886		0.645421
3887		0.647064
3888		0.645332
3889		0.647519
3890		0.648032
3891		0.648079
3892		0.649498
3893		0.652535
3894		0.653171
3895		0.659471
3896		0.65451
3897		0.660702
3898		0.660467
3899		0.664718
3900		0.663549
3901		0.664008
3902		0.663129
3903		0.669279
3904		0.668287
3905		0.671447
3906		0.678407
3907		0.676084
3908		0.675093
3909		0.675054
3910		0.675309
3911		0.67831
3912		0.679275
3913		0.678835
3914		0.680656
3915		0.682446
3916		0.681427
3917		0.680602
3918		0.678287
3919		0.680772
3920		0.654653
3921		0.654333
3922		0.652319
3923		0.658491
3924		0.659626
3925		0.658873
3926		0.658808
3927		0.660108
3928		0.660911
3929		0.655046
3930		0.659375
3931		0.662052
3932		0.66218
3933		0.663021
3934		0.662994
3935		0.662307
3936		0.663341
3937		0.659965
3938		0.663364
3939		0.665131
3940		0.667052
3941		0.662647
3942		0.667465
3943		0.666867
3944		0.669553
3945		0.643403
3946		0.646397
3947		0.649587
3948		0.65076
3949		0.652388
3950		0.648453
3951		0.649803
3952		0.647006
3953		0.651983
3954		0.649433
3955		0.653418
3956		0.655849
3957		0.662731
3958		0.659379
3959		0.65642
3960		0.657222
3961		0.656528
3962		0.654475
3963		0.658422
3964		0.660941
3965		0.659946
3966		0.659637
3967		0.664074
3968		0.66794
3969		0.665247
3970		0.669884
3971		0.67206
3972		0.672211
3973		0.67211
3974		0.674541
3975		0.675575
3976		0.675926
3977		0.677643
3978		0.674977
3979		0.676863
3980		0.682384
3981		0.685208
3982		0.687276
3983		0.686018
3984		0.685104
3985		0.685895
3986		0.679784
3987		0.680162
3988		0.676273
3989		0.681123
3990		0.68338
3991		0.689992
3992		0.689799
3993		0.689043
3994		0.689147
3995		0.667504
3996		0.666678
3997		0.667095
3998		0.662975
3999		0.663615
4000		0.662307
4001		0.639043
4002		0.641941
4003		0.642747
4004		0.642068
4005		0.644036
4006		0.65581
4007		0.657199
4008		0.656586
4009		0.662242
4010		0.662843
4011		0.66566
4012		0.664024
4013		0.664101
4014		0.664529
4015		0.666636
4016		0.66841
4017		0.669043
4018		0.667176
4019		0.667685
4020		0.634221
4021		0.633414
4022		0.631146
4023		0.632396
4024		0.638326
4025		0.637434
4026		0.634294
4027		0.638916
4028		0.641794
4029		0.648588
4030		0.648194
4031		0.650386
4032		0.648522
4033		0.648021
4034		0.65772
4035		0.653538
4036		0.650509
4037		0.65314
4038		0.658256
4039		0.670131
4040		0.671744
4041		0.6725
4042		0.666219
4043		0.662936
4044		0.662025
4045		0.6149
4046		0.612828
4047		0.612203
4048		0.618094
4049		0.622751
4050		0.617473
4051		0.621227
4052		0.628206
4053		0.623966
4054		0.622288
4055		0.630282
4056		0.640567
4057		0.640328
4058		0.62985
4059		0.625112
4060		0.632805
4061		0.63015
4062		0.636898
4063		0.638032
4064		0.643931
4065		0.641809
4066		0.647006
4067		0.638032
4068		0.641134
4069		0.635397
4070		0.656995
4071		0.657068
4072		0.661065
4073		0.670073
4074		0.667126
4075		0.663935
4076		0.670536
4077		0.669066
4078		0.6663
4079		0.659066
4080		0.665949
4081		0.664375
4082		0.66684
4083		0.671065
4084		0.671995
4085		0.671393
4086		0.671609
4087		0.674012
4088		0.674923
4089		0.675424
4090		0.676802
4091		0.673515
4092		0.676736
4093		0.674089
4094		0.674483
4095		0.651871
4096		0.655066
4097		0.654398
4098		0.656532
4099		0.659618
4100		0.662789
4101		0.667855
4102		0.661312
4103		0.664907
4104		0.6662
4105		0.661354
4106		0.669803
4107		0.66735
4108		0.66811
4109		0.657685
4110		0.658626
4111		0.660293
4112		0.665204
4113		0.667708
4114		0.671242
4115		0.666312
4116		0.668735
4117		0.670162
4118		0.669097
4119		0.672103
4120		0.681721
4121		0.683248
4122		0.685216
4123		0.680436
4124		0.684788
4125		0.68311
4126		0.682909
4127		0.684576
4128		0.683175
4129		0.681617
4130		0.679853
4131		0.678507
4132		0.683569
4133		0.683985
4134		0.690274
4135		0.689896
4136		0.690502
4137		0.688657
4138		0.6825
4139		0.68527
4140		0.681208
4141		0.684244
4142		0.680417
4143		0.683353
4144		0.681246
4145		0.616053
4146		0.619645
4147		0.617573
4148		0.619205
4149		0.623619
4150		0.623738
4151		0.625764
4152		0.626979
4153		0.635552
4154		0.631331
4155		0.6313
4156		0.636659
4157		0.638557
4158		0.643789
4159		0.652685
4160		0.65657
4161		0.654572
4162		0.660509
4163		0.663372
4164		0.663059
4165		0.661022
4166		0.665721
4167		0.665737
4168		0.666763
4169		0.66929
4170		0.657782
4171		0.661462
4172		0.664695
4173		0.657041
4174		0.66049
4175		0.676142
4176		0.675455
4177		0.671107
4178		0.678264
4179		0.678696
4180		0.681748
4181		0.692481
4182		0.691454
4183		0.697469
4184		0.6986
4185		0.694614
4186		0.691937
4187		0.693835
4188		0.692894
4189		0.695949
4190		0.699294
4191		0.700995
4192		0.706705
4193		0.700872
4194		0.706134
4195		0.695012
4196		0.69309
4197		0.697523
4198		0.697365
4199		0.702485
4200		0.70037
4201		0.710451
4202		0.707203
4203		0.707461
4204		0.707122
4205		0.706173
4206		0.710772
4207		0.713762
4208		0.720648
4209		0.719016
4210		0.722851
4211		0.722133
4212		0.715247
4213		0.718607
4214		0.720652
4215		0.721269
4216		0.722257
4217		0.722373
4218		0.719691
4219		0.722477
4220		0.686346
4221		0.687357
4222		0.6826
4223		0.689012
4224		0.689387
4225		0.679059
4226		0.680949
4227		0.676076
4228		0.680991
4229		0.683002
4230		0.680328
4231		0.684904
4232		0.678773
4233		0.67985
4234		0.688592
4235		0.691427
4236		0.692951
4237		0.693287
4238		0.688063
4239		0.68934
4240		0.65142
4241		0.642052
4242		0.652288
4243		0.639136
4244		0.620089
4245		0.617234
4246		0.62135
4247		0.618862
4248		0.611354
4249		0.60387
4250		0.608569
4251		0.572461
4252		0.575683
4253		0.575355
4254		0.577785
4255		0.554383
4256		0.552874
4257		0.552492
4258		0.551215
4259		0.548626
4260		0.549888
4261		0.547681
4262		0.545945
4263		0.537346
4264		0.54228
4265		0.545621
4266		0.546435
4267		0.555046
4268		0.558071
4269		0.561042
4270		0.55387
4271		0.571157
4272		0.574691
4273		0.583183
4274		0.592666
4275		0.592593
4276		0.596775
4277		0.597064
4278		0.59853
4279		0.592913
4280		0.595355
4281		0.601362
4282		0.604398
4283		0.609143
4284		0.605845
4285		0.611898
4286		0.616397
4287		0.623546
4288		0.630012
4289		0.637106
4290		0.635471
4291		0.641042
4292		0.656393
4293		0.646493
4294		0.644471
4295		0.648858
4296		0.64787
4297		0.654599
4298		0.663341
4299		0.667843
4300		0.674803
4301		0.665548
4302		0.661127
4303		0.65265
4304		0.65772
4305		0.651161
4306		0.656821
4307		0.653237
4308		0.656362
4309		0.657442
4310		0.663422
4311		0.660255
4312		0.667137
4313		0.669525
4314		0.673715
4315		0.669564
4316		0.674969
4317		0.676238
4318		0.661092
4319		0.663218
4320		0.642141
4321		0.644637
4322		0.649441
4323		0.642554
4324		0.639228
4325		0.634981
4326		0.629576
4327		0.636154
4328		0.625652
4329		0.625355
4330		0.617199
4331		0.614221
4332		0.617631
4333		0.617215
4334		0.615382
4335		0.615409
4336		0.608843
4337		0.601466
4338		0.600451
4339		0.598588
4340		0.598071
4341		0.606285
4342		0.610151
4343		0.613665
4344		0.618399
4345		0.601663
4346		0.608989
4347		0.61277
4348		0.629406
4349		0.629483
4350		0.63091
4351		0.634051
4352		0.63647
4353		0.631362
4354		0.635023
4355		0.636879
4356		0.631524
4357		0.631829
4358		0.62625
4359		0.624032
4360		0.626219
4361		0.625232
4362		0.629765
4363		0.624425
4364		0.626134
4365		0.62309
4366		0.626119
4367		0.62331
4368		0.618711
4369		0.626096
4370		0.630459
4371		0.627473
4372		0.635019
4373		0.640023
4374		0.636644
4375		0.63951
4376		0.639502
4377		0.632859
4378		0.634533
4379		0.629097
4380		0.629641
4381		0.632685
4382		0.628993
4383		0.626566
4384		0.632442
4385		0.628345
4386		0.632446
4387		0.634255
4388		0.626748
4389		0.624502
4390		0.621165
4391		0.625633
4392		0.623171
4393		0.618522
4394		0.605351
4395		0.605096
4396		0.599657
4397		0.584946
4398		0.578843
4399		0.570706
4400		0.556146
4401		0.556219
4402		0.552434
4403		0.544024
4404		0.542222
4405		0.543148
4406		0.538098
4407		0.534309
4408		0.536161
4409		0.537114
4410		0.535575
4411		0.532832
4412		0.528642
4413		0.52456
4414		0.530764
4415		0.533796
4416		0.528947
4417		0.525733
4418		0.518291
4419		0.516998
4420		0.506713
4421		0.50772
4422		0.506208
4423		0.513777
4424		0.513916
4425		0.51162
4426		0.518191
4427		0.518808
4428		0.522647
4429		0.532045
4430		0.53647
4431		0.540451
4432		0.546535
4433		0.550359
4434		0.552211
4435		0.551019
4436		0.550382
4437		0.552149
4438		0.547442
4439		0.544934
4440		0.546944
4441		0.550131
4442		0.554688
4443		0.550988
4444		0.553333
4445		0.566786
4446		0.571524
4447		0.57343
4448		0.573391
4449		0.570829
4450		0.576312
4451		0.580374
4452		0.589541
4453		0.587566
4454		0.596435
4455		0.598241
4456		0.604155
4457		0.611173
4458		0.618804
4459		0.621844
4460		0.626863
4461		0.626744
4462		0.630189
4463		0.63206
4464		0.633526
4465		0.632164
4466		0.629595
4467		0.625409
4468		0.623885
4469		0.625478
4470		0.596273
4471		0.592882
4472		0.595876
4473		0.596975
4474		0.598048
4475		0.600953
4476		0.588302
4477		0.588719
4478		0.58701
4479		0.586867
4480		0.581431
4481		0.581262
4482		0.576705
4483		0.570934
4484		0.566983
4485		0.564726
4486		0.552998
4487		0.542535
4488		0.532496
4489		0.528646
4490		0.519919
4491		0.519576
4492		0.509834
4493		0.50142
4494		0.494136
4495		0.487029
4496		0.480193
4497		0.482504
4498		0.484221
4499		0.482423
4500		0.4801
4501		0.470417
4502		0.471007
4503		0.475262
4504		0.486061
4505		0.491543
4506		0.492022
4507		0.499306
4508		0.49625
4509		0.497234
4510		0.496312
4511		0.497083
4512		0.492396
4513		0.495532
4514		0.491613
4515		0.491898
4516		0.491925
4517		0.49245
4518		0.487851
4519		0.481127
4520		0.449556
4521		0.461034
4522		0.462249
4523		0.460675
4524		0.462739
4525		0.474587
4526		0.465096
4527		0.473295
4528		0.476015
4529		0.487469
4530		0.503538
4531		0.498194
4532		0.503329
4533		0.495131
4534		0.489468
4535		0.484171
4536		0.483607
4537		0.47191
4538		0.471474
4539		0.474225
4540		0.470984
4541		0.472504
4542		0.476883
4543		0.482666
4544		0.47576
4545		0.463781
4546		0.464437
4547		0.469892
4548		0.472423
4549		0.471157
4550		0.47032
4551		0.464904
4552		0.467342
4553		0.468094
4554		0.475463
4555		0.485995
4556		0.484456
4557		0.486088
4558		0.457392
4559		0.456806
4560		0.452496
4561		0.453812
4562		0.45174
4563		0.44588
4564		0.461049
4565		0.455324
4566		0.454336
4567		0.453098
4568		0.454001
4569		0.455231
4570		0.445494
4571		0.427585
4572		0.436906
4573		0.447685
4574		0.452334
4575		0.458171
4576		0.464171
4577		0.455586
4578		0.460799
4579		0.456813
4580		0.459159
4581		0.45309
4582		0.457936
4583		0.460671
4584		0.463241
4585		0.457222
4586		0.455123
4587		0.454811
4588		0.447033
4589		0.453056
4590		0.457828
4591		0.463399
4592		0.471308
4593		0.480664
4594		0.480378
4595		0.448484
4596		0.451069
4597		0.458399
4598		0.46409
4599		0.453669
4600		0.458954
4601		0.455648
4602		0.455698
4603		0.448117
4604		0.447704
4605		0.451582
4606		0.440629
4607		0.435023
4608		0.437604
4609		0.438403
4610		0.439086
4611		0.435251
4612		0.429213
4613		0.419703
4614		0.415876
4615		0.412704
4616		0.411362
4617		0.412153
4618		0.414035
4619		0.402157
4620		0.388576
4621		0.385721
4622		0.389333
4623		0.388808
4624		0.378017
4625		0.365953
4626		0.361007
4627		0.361316
4628		0.35483
4629		0.350455
4630		0.349136
4631		0.349421
4632		0.349221
4633		0.354502
4634		0.34689
4635		0.342388
4636		0.343318
4637		0.339765
4638		0.341308
4639		0.346443
4640		0.356489
4641		0.356512
4642		0.346574
4643		0.356671
4644		0.35441
4645		0.356983
4646		0.362554
4647		0.366829
4648		0.370629
4649		0.377535
4650		0.377269
4651		0.388819
4652		0.399595
4653		0.398164
4654		0.401416
4655		0.413403
4656		0.413468
4657		0.420521
4658		0.423711
4659		0.418993
4660		0.402955
4661		0.400868
4662		0.401138
4663		0.40963
4664		0.402199
4665		0.402743
4666		0.395652
4667		0.396678
4668		0.400521
4669		0.397986
4670		0.39363
4671		0.39196
4672		0.375841
4673		0.369101
4674		0.371508
4675		0.364263
4676		0.357924
4677		0.356451
4678		0.349117
4679		0.345911
4680		0.339282
4681		0.326601
4682		0.324626
4683		0.323981
4684		0.318646
4685		0.31532
4686		0.308654
4687		0.317388
4688		0.322253
4689		0.322824
4690		0.321701
4691		0.318893
4692		0.319745
4693		0.30968
4694		0.310536
4695		0.296836
4696		0.298283
4697		0.290386
4698		0.295104
4699		0.299159
4700		0.307095
4701		0.30189
4702		0.308931
4703		0.307882
4704		0.30363
4705		0.316671
4706		0.319356
4707		0.322701
4708		0.326273
4709		0.331601
4710		0.336566
4711		0.347153
4712		0.34402
4713		0.350644
4714		0.354633
4715		0.362415
4716		0.362029
4717		0.366736
4718		0.375478
4719		0.375293
4720		0.383522
4721		0.378422
4722		0.365988
4723		0.371775
4724		0.373337
4725		0.373272
4726		0.360679
4727		0.369406
4728		0.36848
4729		0.371524
4730		0.362087
4731		0.357045
4732		0.35637
4733		0.354907
4734		0.35316
4735		0.353198
4736		0.355039
4737		0.356902
4738		0.354282
4739		0.344919
4740		0.345818
4741		0.341192
4742		0.34233
4743		0.341019
4744		0.338989
4745		0.317716
4746		0.317986
4747		0.310255
4748		0.311582
4749		0.308333
4750		0.301863
4751		0.271929
4752		0.276813
4753		0.282762
4754		0.272234
4755		0.268399
4756		0.257512
4757		0.240922
4758		0.236929
4759		0.221825
4760		0.216416
4761		0.213017
4762		0.203387
4763		0.192762
4764		0.188083
4765		0.180571
4766		0.1725
4767		0.16968
4768		0.167762
4769		0.169591
4770		0.162778
4771		0.154171
4772		0.15772
4773		0.162307
4774		0.154792
4775		0.138395
4776		0.134414
4777		0.123781
4778		0.114958
4779		0.114456
4780		0.112226
4781		0.103715
4782		0.103438
4783		0.0941165
4784		0.0862731
4785		0.0839853
4786		0.0761574
4787		0.071358
4788		0.0668326
4789		0.0611497
4790		0.0567361
4791		0.0517515
4792		0.0465239
4793		0.0395911
4794		0.0377469
4795		0.0322724
4796		0.0291049
4797		0.0271798
4798		0.0240046
4799		0.0224383
4800		0.0213387
4801		0.0175926
4802		0.0147454
4803		0.0126389
4804		0.010108
4805		0.00907407
4806		0.00959877
4807		0.00972222
4808		0.0104475
4809		0.0101235
4810		0.0102006
4811		0.0100154
4812		0.0101852
4813		0.0104012
4814		0.0105556
4815		0.0106944
4816		0.0108951
4817		0.0110648
4818		0.0106944
4819		0.010679
4820		0.0104938
4821		0.0105864
4822		0.010787
4823		0.0114043
4824		0.0112963
4825		0.0117438
4826		0.0119907
4827		0.0119136
4828		0.0121142
4829		0.0119599
4830		0.0119753
4831		0.0119136
4832		0.0117901
4833		0.0116975
4834		0.0177855
4835		0.0176312
4836		0.0178935
4837		0.0176466
4838		0.0176235
4839		0.0179321
4840		0.0183796
4841		0.0182407
4842		0.018615
4843		0.0192438
4844		0.019429
4845		0.0196528
4846		0.0197222
4847		0.0196142
4848		0.0195679
4849		0.0194753
4850		0.0191667
4851		0.0190355
4852		0.0196836
4853		0.0196373
4854		0.0196759
4855		0.0199691
4856		0.0202238
4857		0.0199653
4858		0.0196103
4859		0.0160957
4860		0.0168673
4861		0.0167052
4862		0.0162423
4863		0.0165509
4864		0.0162153
4865		0.0155633
4866		0.0157099
4867		0.0147685
4868		0.0148534
4869		0.0143519
4870		0.0146759
4871		0.0146142
4872		0.0145679
4873		0.0146605
4874		0.014537
4875		0.015108
4876		0.0163735
4877		0.0161574
4878		0.016142
4879		0.0161728
4880		0.0160031
4881		0.016034
4882		0.0165278
4883		0.017037
4884		0.0189969
4885		0.0186265
4886		0.0186111
4887		0.0188889
4888		0.0189352
4889		0.0191667
4890		0.0190586
4891		0.0195525
4892		0.0193673
4893		0.0193364
4894		0.0190741
4895		0.0186574
4896		0.0191204
4897		0.0204012
4898		0.02125
4899		0.0221914
4900		0.0229938
4901		0.0235957
4902		0.0245833
4903		0.0249383
4904		0.0247068
4905		0.0245679
4906		0.0233642
4907		0.0227932
4908		0.021713
4909		0.0195679
4910		0.0191975
4911		0.0160802
4912		0.0141049
4913		0.0135339
4914		0.0120216
4915		0.0111728
4916		0.0135339
4917		0.0196142
4918		0.0258796
4919		0.0300926
4920		0.0378704
4921		0.0404167
4922		0.0419907
4923		0.0444753
4924		0.0463272
4925		0.0477006
4926		0.056358
4927		0.0647299
4928		0.0699769
4929		0.0829861
4930		0.0921373
4931		0.0952315
4932		0.0996991
4933		0.0980556
4934		0.0961227
4935		0.0981443
4936		0.100799
4937		0.10152
4938		0.102238
4939		0.10483
4940		0.104761
4941		0.107477
4942		0.109186
4943		0.107739
4944		0.109946
4945		0.108827
4946		0.110783
4947		0.112122
4948		0.11304
4949		0.111003
4950		0.114938
4951		0.114545
4952		0.113202
4953		0.108881
4954		0.107446
4955		0.105525
4956		0.105012
4957		0.0985031
4958		0.0995718
4959		0.0864352
4960		0.0912732
4961		0.0915664
4962		0.0840509
4963		0.0777083
4964		0.0796451
4965		0.074321
4966		0.0711574
4967		0.0733565
4968		0.0692978
4969		0.0726427
4970		0.0685185
4971		0.0671258
4972		0.0576736
4973		0.0626852
4974		0.0631327
4975		0.0689583
4976		0.069213
4977		0.0711806
4978		0.0666435
4979		0.0683063
4980		0.0618518
4981		0.0598534
4982		0.0621026
4983		0.0632099
4984		0.0571759
4985		0.0547145
4986		0.0563079
4987		0.0575656
4988		0.0552739
4989		0.0556096
4990		0.0608102
4991		0.0597608
4992		0.0583758
4993		0.0624884
4994		0.0616667
4995		0.0605748
4996		0.0664892
4997		0.0701273
4998		0.0709876
4999		0.0751697
5000		0.0764776
5001		0.0757176
5002		0.0715278
5003		0.0718557
5004		0.0711034
5005		0.0753164
5006		0.0773881
5007		0.0812346
5008		0.0876698
5009		0.0724923
5010		0.0669252
5011		0.0656559
5012		0.0648727
5013		0.0612577
5014		0.0572608
5015		0.0525231
5016		0.0436111
5017		0.0423534
5018		0.0447222
5019		0.0484105
5020		0.0499151
5021		0.0499537
5022		0.0473611
5023		0.0418827
5024		0.0438272
5025		0.0407716
5026		0.0408642
5027		0.0382562
5028		0.035841
5029		0.0325386
5030		0.0311574
5031		0.0245872
5032		0.0222955
5033		0.019865
5034		0.0188735
5035		0.0175694
5036		0.0175617
5037		0.0194444
5038		0.0191975
5039		0.0178704
5040		0.0191821
5041		0.0177469
5042		0.0207793
5043		0.0169406
5044		0.024429
5045		0.0254128
5046		0.0315779
5047		0.0367361
5048		0.0413349
5049		0.0510494
5050		0.0602315
5051		0.0691435
5052		0.0827315
5053		0.0947222
5054		0.104198
5055		0.113889
5056		0.127384
5057		0.131566
5058		0.144761
5059		0.152234
5060		0.157828
5061		0.169668
5062		0.176829
5063		0.183021
5064		0.195471
5065		0.205386
5066		0.209518
5067		0.224221
5068		0.231597
5069		0.240131
5070		0.25054
5071		0.264043
5072		0.265625
5073		0.271015
5074		0.274456
5075		0.276231
5076		0.287593
5077		0.288765
5078		0.29022
5079		0.300343
5080		0.292269
5081		0.290903
5082		0.282843
5083		0.286844
5084		0.300733
5085		0.29669
5086		0.288542
5087		0.288831
5088		0.284344
5089		0.271628
5090		0.270556
5091		0.264927
5092		0.258684
5093		0.25836
5094		0.257677
5095		0.253947
5096		0.253472
5097		0.249128
5098		0.24615
5099		0.243067
5100		0.236883
5101		0.232238
5102		0.227662
5103		0.220571
5104		0.211119
5105		0.209066
5106		0.202369
5107		0.190671
5108		0.183619
5109		0.182824
5110		0.16919
5111		0.164475
5112		0.152909
5113		0.140748
5114		0.135837
5115		0.126454
5116		0.112863
5117		0.107546
5118		0.0981018
5119		0.0871991
5120		0.0842593
5121		0.0743133
5122		0.0596914
5123		0.054321
5124		0.0478858
5125		0.0411574
5126		0.0358025
5127		0.028858
5128		0.0249151
5129		0.0225926
5130		0.0186574
5131		0.0129861
5132		0.0105941
5133		0.00945988
5134		0.00742284
5135		0.00695988
5136		0.00625
5137		0.00625
5138		0.00625
5139		0.00625
5140		0.00625
5141		0.00625
5142		0.00625
5143		0.00625
5144		0.00625
5145		0.00625
5146		0.00625
5147		0.00625
5148		0.00625
5149		0.00625
5150		0.00625
5151		0.00625
5152		0.00625
5153		0.00625
5154		0.00625
5155		0.00625
5156		0.00625
5157		0.00625
5158		0.00625
5159		0.00706019
5160		0.00664352
5161		0.00664352
5162		0.00664352
5163		0.00659722
5164		0.00659722
5165		0.00659722
5166		0.00659722
5167		0.00659722
5168		0.00659722
5169		0.00659722
5170		0.00659722
5171		0.00701389
5172		0.00701389
5173		0.00701389
5174		0.00701389
5175		0.00701389
5176		0.00701389
5177		0.00701389
5178		0.00659722
5179		0.00659722
5180		0.00659722
5181		0.00659722
5182		0.00659722
5183		0.00659722
5184		0.00655864
5185		0.00655864
5186		0.00655864
5187		0.00655864
5188		0.00694444
5189		0.00694444
5190		0.00652778
5191		0.00652778
5192		0.00625
5193		0.00625
5194		0.00625
5195		0.00625
5196		0.00625
5197		0.00625
5198		0.00625
5199		0.00625
5200		0.00625
5201		0.00625
5202		0.00625
5203		0.00625
5204		0.00625
5205		0.00625
5206		0.00625
5207		0.00625
5208		0.00625
5209		0.00625
5210		0.00625
5211		0.00625
5212		0.00625
5213		0.00625
5214		0.00625
5215		0.00625
5216		0.00625
5217		0.00625
5218		0.00625
5219		0.00625
5220		0.00722222
5221		0.00680556
5222		0.00680556
5223		0.00680556
5224		0.00666667
5225		0.00666667
5226		0.00666667
5227		0.00666667
5228		0.00666667
5229		0.00666667
5230		0.00666667
5231		0.00625
5232		0.00625
5233		0.00625
5234		0.00625
5235		0.00625
5236		0.00625
5237		0.00625
5238		0.00625
5239		0.00652778
5240		0.00625
5241		0.00625
5242		0.00416667
5243		0.00416667
5244		0.00625
5245		0.00666667
5246		0.00625
5247		0.00458333
5248		0.00625
5249		0.00666667
5250		0.00625
5251		0.00694444
5252		0.00694444
5253		0.00694444
5254		0.00666667
5255		0.00666667
5256		0.00625
5257		0.0116204
5258		0.0187654
5259		0.0224846
5260		0.0309568
5261		0.0383333
5262		0.0413426
5263		0.0464506
5264		0.050571
5265		0.0515741
5266		0.0534414
5267		0.056929
5268		0.0575463
5269		0.0588426
5270		0.0614892
5271		0.0618981
5272		0.0612886
5273		0.0614815
5274		0.0641667
5275		0.0648148
5276		0.066061
5277		0.0630594
5278		0.0634182
5279		0.0620602
5280		0.0625694
5281		0.0635802
5282		0.0641898
5283		0.0641049
5284		0.0638349
5285		0.0674151
5286		0.0689815
5287		0.0697415
5288		0.075625
5289		0.0759645
5290		0.0834568
5291		0.0870177
5292		0.0910957
5293		0.099591
5294		0.105791
5295		0.10995
5296		0.116296
5297		0.118079
5298		0.122755
5299		0.123881
5300		0.126559
5301		0.127068
5302		0.133465
5303		0.137701
5304		0.137897
5305		0.136798
5306		0.138175
5307		0.137434
5308		0.137296
5309		0.141096
5310		0.139286
5311		0.138372
5312		0.141725
5313		0.142785
5314		0.141806
5315		0.141929
5316		0.14267
5317		0.138399
5318		0.139896
5319		0.141019
5320		0.14211
5321		0.134128
5322		0.13311
5323		0.134645
5324		0.135617
5325		0.133584
5326		0.133638
5327		0.133241
5328		0.135239
5329		0.136211
5330		0.135629
5331		0.13439
5332		0.134672
5333		0.138071
5334		0.137998
5335		0.140008
5336		0.140829
5337		0.141809
5338		0.146377
5339		0.148549
5340		0.149861
5341		0.152168
5342		0.151192
5343		0.148106
5344		0.149525
5345		0.139255
5346		0.145359
5347		0.151412
5348		0.153877
5349		0.147353
5350		0.149857
5351		0.15799
5352		0.161833
5353		0.167234
5354		0.169904
5355		0.170783
5356		0.177639
5357		0.181281
5358		0.183557
5359		0.187569
5360		0.198248
5361		0.197716
5362		0.201316
5363		0.201933
5364		0.205042
5365		0.205791
5366		0.207512
5367		0.20716
5368		0.208476
5369		0.205467
5370		0.195158
5371		0.197091
5372		0.194545
5373		0.19985
5374		0.203573
5375		0.206103
5376		0.210197
5377		0.209753
5378		0.210799
5379		0.208445
5380		0.206555
5381		0.20936
5382		0.211053
5383		0.209475
5384		0.211555
5385		0.215945
5386		0.221829
5387		0.229552
5388		0.231003
5389		0.234672
5390		0.241011
5391		0.237994
5392		0.248673
5393		0.248032
5394		0.246103
5395		0.252716
5396		0.248781
5397		0.243009
5398		0.246701
5399		0.242643
5400		0.240031
5401		0.235648
5402		0.227037
5403		0.228858
5404		0.230822
5405		0.228777
5406		0.232357
5407		0.231887
5408		0.231921
5409		0.230895
5410		0.229649
5411		0.230756
5412		0.233237
5413		0.23326
5414		0.228329
5415		0.231508
5416		0.236281
5417		0.236644
5418		0.237824
5419		0.242782
5420		0.21767
5421		0.220039
5422		0.219352
5423		0.228241
5424		0.23005
5425		0.234884
5426		0.233187
5427		0.234128
5428		0.241752
5429		0.2464
5430		0.249703
5431		0.254379
5432		0.268951
5433		0.274772
5434		0.28115
5435		0.288079
5436		0.290394
5437		0.294579
5438		0.302982
5439		0.306987
5440		0.314302
5441		0.321192
5442		0.323426
5443		0.334599
5444		0.338966
5445		0.344552
5446		0.348453
5447		0.359321
5448		0.357373
5449		0.359363
5450		0.362712
5451		0.360976
5452		0.359657
5453		0.358866
5454		0.361215
5455		0.362901
5456		0.362006
5457		0.35978
5458		0.361451
5459		0.365436
5460		0.363546
5461		0.364726
5462		0.362554
5463		0.362585
5464		0.358121
5465		0.35745
5466		0.356744
5467		0.350968
5468		0.353619
5469		0.352176
5470		0.376462
5471		0.374626
5472		0.374001
5473		0.372654
5474		0.374001
5475		0.371524
5476		0.372485
5477		0.371771
5478		0.372608
5479		0.378117
5480		0.383468
5481		0.385004
5482		0.395216
5483		0.405756
5484		0.408175
5485		0.416211
5486		0.419853
5487		0.418376
5488		0.426073
5489		0.43446
5490		0.435062
5491		0.43711
5492		0.444055
5493		0.445529
5494		0.447041
5495		0.437157
5496		0.435451
5497		0.435721
5498		0.441038
5499		0.443927
5500		0.443083
5501		0.43902
5502		0.441219
5503		0.443974
5504		0.44782
5505		0.448464
5506		0.450131
5507		0.450667
5508		0.451443
5509		0.452608
5510		0.456875
5511		0.458812
5512		0.459352
5513		0.457122
5514		0.459113
5515		0.45816
5516		0.458835
5517		0.458291
5518		0.458098
5519		0.458831
5520		0.474456
5521		0.473688
5522		0.477106
5523		0.477095
5524		0.479637
5525		0.485853
5526		0.484799
5527		0.487311
5528		0.49348
5529		0.49512
5530		0.500208
5531		0.503414
5532		0.506431
5533		0.511319
5534		0.513742
5535		0.518395
5536		0.525139
5537		0.526354
5538		0.52821
5539		0.532134
5540		0.533488
5541		0.539699
5542		0.53909
5543		0.543715
5544		0.540864
5545		0.538677
5546		0.540995
5547		0.541211
5548		0.540995
5549		0.544807
5550		0.544309
5551		0.543835
5552		0.547867
5553		0.54713
5554		0.551636
5555		0.554371
5556		0.554433
5557		0.558353
5558		0.561073
5559		0.559228
5560		0.559375
5561		0.558611
5562		0.558831
5563		0.563931
5564		0.571597
5565		0.575023
5566		0.57593
5567		0.576559
5568		0.582095
5569		0.58235
5570		0.576238
5571		0.578688
5572		0.580853
5573		0.587099
5574		0.588931
5575		0.595926
5576		0.593742
5577		0.593518
5578		0.596011
5579		0.60064
5580		0.604483
5581		0.604402
5582		0.605351
5583		0.605548
5584		0.608202
5585		0.609907
5586		0.613916
5587		0.615305
5588		0.615451
5589		0.618314
5590		0.614927
5591		0.618715
5592		0.617481
5593		0.620332
5594		0.616863
5595		0.611844
5596		0.612778
5597		0.614992
5598		0.612786
5599		0.609711
5600		0.612866
5601		0.614441
5602		0.617033
5603		0.612191
5604		0.617377
5605		0.619144
5606		0.62262
5607		0.621586
5608		0.625239
5609		0.628414
5610		0.627469
5611		0.627187
5612		0.629487
5613		0.629545
5614		0.628322
5615		0.628133
5616		0.630069
5617		0.631578
5618		0.631879
5619		0.633711
5620		0.631825
5621		0.632504
5622		0.632045
5623		0.632878
5624		0.629016
5625		0.633152
5626		0.634448
5627		0.633974
5628		0.637955
5629		0.63804
5630		0.641366
5631		0.63765
5632		0.641273
5633		0.639483
5634		0.640301
5635		0.638943
5636		0.6387
5637		0.641493
5638		0.642496
5639		0.641964
5640		0.641443
5641		0.642041
5642		0.640096
5643		0.643507
5644		0.643916
5645		0.677353
5646		0.679402
5647		0.678785
5648		0.679109
5649		0.677562
5650		0.676694
5651		0.676057
5652		0.675941
5653		0.674363
5654		0.675382
5655		0.675702
5656		0.676373
5657		0.673472
5658		0.676551
5659		0.67507
5660		0.673291
5661		0.673854
5662		0.674668
5663		0.675648
5664		0.676709
5665		0.677025
5666		0.678889
5667		0.677488
5668		0.679522
5669		0.678187
5670		0.672303
5671		0.670343
5672		0.673302
5673		0.672816
5674		0.673947
5675		0.676269
5676		0.67365
5677		0.672296
5678		0.673839
5679		0.672894
5680		0.676308
5681		0.676914
5682		0.678708
5683		0.676296
5684		0.677037
5685		0.680077
5686		0.679178
5687		0.679796
5688		0.678164
5689		0.679298
5690		0.685216
5691		0.682527
5692		0.680486
5693		0.680042
5694		0.685891
5695		0.673962
5696		0.674842
5697		0.675274
5698		0.672245
5699		0.674826
5700		0.675721
5701		0.676559
5702		0.682955
5703		0.683796
5704		0.688982
5705		0.694028
5706		0.69831
5707		0.696948
5708		0.698796
5709		0.701046
5710		0.70218
5711		0.722951
5712		0.726871
5713		0.728056
5714		0.733279
5715		0.73235
5716		0.735984
5717		0.739904
5718		0.742774
5719		0.742635
5720		0.768731
5721		0.769421
5722		0.77135
5723		0.769992
5724		0.764082
5725		0.770204
5726		0.767797
5727		0.767789
5728		0.771184
5729		0.768777
5730		0.770004
5731		0.773214
5732		0.777396
5733		0.778692
5734		0.777365
5735		0.779819
5736		0.777566
5737		0.781551
